run_at,subset,n_train,model,n_test,MAE,RMSE,R2,실제지연편수,적중률,오경보율
2026-09-10T14:37:55,전체,414,베이스라인(중앙값 -9분),104,12.75,18.76678735671899,-0.0438438807095691,,,
2026-09-10T14:37:55,전체,414,XGBoost 사전예측,104,13.37545203589476,23.072785373781898,-0.5778137478429337,,,
2026-09-10T14:42:07,전체,414,베이스라인(중앙값 -9분),104,12.75,18.76678735671899,-0.0438438807095691,,,
2026-09-10T14:42:07,전체,414,XGBoost 사전예측,104,14.061797550664496,23.70928623600922,-0.6660676931235561,,,
2026-09-10T15:35:12,전체,421,베이스라인(중앙값 -9분),106,13.066037735849056,18.953518118191244,-0.0397867037616643,,,
2026-09-10T15:35:12,전체,421,XGBoost 사전예측,106,13.713555332413822,23.65994578245718,-0.6202874952097592,,,
2026-09-10T15:35:15,국내선(출발지연 보유),123,베이스라인(중앙값 -6분),31,9.870967741935484,15.535599077913842,-0.1348233244938494,,,
2026-09-10T15:35:15,국내선(출발지연 보유),123,XGBoost 사전예측,31,12.23263653055314,17.695438363095324,-0.4722951955930616,,,
2026-09-10T15:35:15,국내선(출발지연 보유),123,XGBoost 이륙후,31,4.131402747284982,5.784753507156526,0.8426589806241334,,,
2026-09-10T15:38:13,국내선(출발지연 보유),123,베이스라인(중앙값 -6분),31,9.870967741935484,15.535599077913842,-0.1348233244938494,,,
2026-09-10T15:38:13,국내선(출발지연 보유),123,XGBoost 사전예측,31,12.23263653055314,17.695438363095324,-0.4722951955930616,,,
2026-09-10T15:38:13,국내선(출발지연 보유),123,XGBoost 이륙후,31,4.131402747284982,5.784753507156526,0.8426589806241334,,,
2026-09-10T16:23:02,전체,421,베이스라인(중앙값 -9분),106,13.066037735849056,18.953518118191244,-0.0397867037616643,,,
2026-09-10T16:23:02,전체,421,XGBoost 사전예측,106,13.39500517306744,23.52883636573299,-0.6023799010004143,,,
2026-09-10T16:23:07,국내선(출발지연 보유),123,베이스라인(중앙값 -6분),31,9.870967741935484,15.535599077913842,-0.1348233244938494,,,
2026-09-10T16:23:07,국내선(출발지연 보유),123,XGBoost 사전예측,31,12.08721234336976,17.634103733243197,-0.4621065606757073,,,
2026-09-10T16:23:07,국내선(출발지연 보유),123,XGBoost 이륙후,31,3.9171060756329568,5.484009984615443,0.8585937135791163,,,
2026-09-10T16:45:14,전체,421,베이스라인(중앙값 -9분),106,13.066037735849056,18.953518118191244,-0.0397867037616643,9.0,0.0,
2026-09-10T16:45:14,전체,421,XGBoost 사전예측,106,13.39500517306744,23.52883636573299,-0.6023799010004143,9.0,0.4444444444444444,0.7142857142857143
2026-09-10T16:45:27,국내선(출발지연 보유),123,베이스라인(중앙값 -6분),31,9.870967741935484,15.535599077913842,-0.1348233244938494,3.0,0.0,
2026-09-10T16:45:27,국내선(출발지연 보유),123,XGBoost 사전예측,31,12.08721234336976,17.634103733243197,-0.4621065606757073,3.0,0.0,1.0
2026-09-10T16:45:27,국내선(출발지연 보유),123,XGBoost 이륙후,31,3.9171060756329568,5.484009984615443,0.8585937135791163,3.0,1.0,0.0
2026-09-10T16:46:48,전체,421,베이스라인(중앙값 -9분),106,13.066037735849056,18.953518118191244,-0.0397867037616643,9.0,0.0,
2026-09-10T16:46:48,전체,421,XGBoost 사전예측,106,13.39500517306744,23.52883636573299,-0.6023799010004143,9.0,0.4444444444444444,0.7142857142857143
2026-09-10T21:16:01,전체,421,베이스라인(중앙값 -9분),106,13.066037735849056,18.953518118191244,-0.0397867037616643,9.0,0.0,
2026-09-10T21:16:01,전체,421,XGBoost 사전예측,106,14.235509331215102,24.430951816215376,-0.727608628470958,9.0,0.3333333333333333,0.8
2026-09-10T21:16:02,국내선(출발지연 보유),123,베이스라인(중앙값 -6분),31,9.870967741935484,15.535599077913842,-0.1348233244938494,3.0,0.0,
2026-09-10T21:16:02,국내선(출발지연 보유),123,XGBoost 사전예측,31,17.633426125972502,25.264934307819825,-2.0012943462903108,3.0,0.0,1.0
2026-09-10T21:16:02,국내선(출발지연 보유),123,XGBoost 이륙후,31,4.293683857687058,6.313808033715719,0.8125631443296741,3.0,1.0,0.0
2026-09-16T12:08:45,전체,1037,베이스라인(중앙값 -9분),260,14.215384615384616,23.307476515883515,-0.0276490613485691,23.0,0.0,
2026-09-16T12:08:45,전체,1037,XGBoost 사전예측,260,12.864763309856734,20.960260358352777,0.1689107493395081,23.0,0.1739130434782608,0.6923076923076923
2026-09-16T12:08:47,국내선(출발지연 보유),306,베이스라인(중앙값 -8분),77,9.714285714285714,15.208507530283876,-0.0764066039468585,4.0,0.0,
2026-09-16T12:08:47,국내선(출발지연 보유),306,XGBoost 사전예측,77,11.389985814303548,17.685175616513853,-0.4555325193708324,4.0,0.0,1.0
2026-09-16T12:08:47,국내선(출발지연 보유),306,XGBoost 이륙후,77,4.83695467629216,6.897970631318059,0.7785652168274497,4.0,0.75,0.0
2026-09-19T22:19:28,전체,1402,베이스라인(중앙값 -9분),351,14.262108262108262,25.8469084817252,-0.0317715371271698,37.0,0.0,
2026-09-19T22:19:28,전체,1402,XGBoost 사전예측,351,11.915010805249723,22.841011987840034,0.1942561184190137,37.0,0.1351351351351351,0.6153846153846154
2026-09-19T22:19:33,국내선(출발지연 보유),416,베이스라인(중앙값 -7분),104,11.240384615384617,17.86084027655517,-0.2457322468944316,13.0,0.0,
2026-09-19T22:19:33,국내선(출발지연 보유),416,XGBoost 사전예측,104,11.760589486561145,17.814746317242964,-0.2393107530578957,13.0,0.0769230769230769,0.9
2026-09-19T22:19:33,국내선(출발지연 보유),416,XGBoost 이륙후,104,4.050134616259199,5.9268239442489055,0.8628281528960293,13.0,0.9230769230769232,0.0
2026-09-21T14:24:15,전체,1660,베이스라인(중앙값 -9분),415,11.255421686746988,15.927622441108593,-0.0043497610131306,22.0,0.0,
2026-09-21T14:24:15,전체,1660,XGBoost 사전예측,415,9.35620703017227,12.507968515548232,0.3806207745006763,22.0,0.2272727272727272,0.1666666666666666
2026-09-21T14:24:20,국내선(출발지연 보유),493,베이스라인(중앙값 -7분),124,6.120967741935484,8.085730162333178,-0.0037152525043757,2.0,0.0,
2026-09-21T14:24:20,국내선(출발지연 보유),493,XGBoost 사전예측,124,9.910698338742218,12.220908160360318,-1.2928677018199553,2.0,0.0,1.0
2026-09-21T14:24:20,국내선(출발지연 보유),493,XGBoost 이륙후,124,2.759665470029558,3.5536842974505625,0.8061214680953401,2.0,0.5,0.5
2026-09-22T23:54:15,전체,1787,베이스라인(중앙값 -9분),447,11.970917225950783,17.346256583184292,-0.0029286772723462,35.0,0.0,
2026-09-22T23:54:15,전체,1787,XGBoost 사전예측,447,10.050833920521091,13.21137323173386,0.4182258222095304,35.0,0.3428571428571428,0.4285714285714286
2026-09-22T23:54:21,국내선(출발지연 보유),531,베이스라인(중앙값 -6분),133,7.112781954887218,9.612804743548784,-0.009189435483174,6.0,0.0,
2026-09-22T23:54:21,국내선(출발지연 보유),531,XGBoost 사전예측,133,9.77456336569293,12.316751925773431,-0.6567799959130718,6.0,0.1666666666666666,0.75
2026-09-22T23:54:21,국내선(출발지연 보유),531,XGBoost 이륙후,133,3.064218284464196,4.0019287337169445,0.8250914036615273,6.0,1.0,0.1428571428571429
2026-09-23T00:04:52,전체,1908,베이스라인(중앙값 -9분),478,13.564853556485357,26.081141490022905,-0.0060403299195792,44.0,0.0,
2026-09-23T00:04:52,전체,1908,XGBoost 사전예측,478,10.450370155461911,20.84978172247544,0.3570677276672738,44.0,0.3409090909090909,0.5161290322580645
2026-09-23T00:04:56,국내선(출발지연 보유),569,베이스라인(중앙값 -7분),143,8.874125874125873,14.660970498028291,-0.0825686243119097,12.0,0.0,
2026-09-23T00:04:56,국내선(출발지연 보유),569,XGBoost 사전예측,143,9.750088555308489,14.019002052879838,0.010161834635219025,12.0,0.0,1.0
2026-09-23T00:04:56,국내선(출발지연 보유),569,XGBoost 이륙후,143,3.4114222804253753,4.463428289854854,0.8996616119537854,12.0,0.8333333333333334,0.16666666666666663
