_collected_at,airline,arrAirport,arrAirportCode,arrAirportEng,arrvAirportCode,codeshare,depAirport,depAirportCode,depAirportEng,estimateddatetime,fgenTime,fid,flightid,io,line,masterflightid,rmkKor,scheduledatetime,searchday
2026-09-10T15:43:53+09:00,이스타항공,부산/김해,PUS,GIMHAE,,N,타이페이/타오위안,TPE,TAOYUAN,202609080603,20260908235904,0000000000000013144012,ZE988,I,국제,,도착,202609080605,20260908
2026-09-10T15:43:53+09:00,베트남항공,부산/김해,PUS,GIMHAE,,N,나트랑,CXR,NHA TRANG,202609080614,20260908235903,0000000000000013172005,VN434,I,국제,,도착,202609080605,20260908
2026-09-10T15:43:53+09:00,이스타항공,부산/김해,PUS,GIMHAE,,N,타이페이/타오위안,TPE,TAOYUAN,202609080615,20260908235904,0000000000000013143657,ZE984,I,국제,,도착,202609080610,20260908
2026-09-10T15:43:53+09:00,제주항공,부산/김해,PUS,GIMHAE,,N,타이페이/타오위안,TPE,TAOYUAN,202609080611,20260908235905,0000000000000012710320,7C6154,I,국제,,도착,202609080610,20260908
2026-09-10T15:43:53+09:00,진에어,부산/김해,PUS,GIMHAE,,N,타이페이/타오위안,TPE,TAOYUAN,202609080606,20260908235904,0000000000000012722236,LJ752,I,국제,,도착,202609080615,20260908
2026-09-10T15:43:53+09:00,에어부산,부산/김해,PUS,GIMHAE,,N,나트랑,CXR,NHA TRANG,202609080621,20260908235904,0000000000000013077174,BX782,I,국제,,도착,202609080620,20260908
2026-09-10T15:43:53+09:00,트리니티항공,부산/김해,PUS,GIMHAE,,N,홍콩,HKG,HONG KONG,202609080627,20260908235904,0000000000000013115524,TW640,I,국제,,도착,202609080620,20260908
2026-09-10T15:43:53+09:00,진에어,부산/김해,PUS,GIMHAE,,N,울란바토르/칭기스칸,UBN,ULAANBAATAR,202609080608,20260908235905,0000000000000013175321,LJ782,I,국제,,도착,202609080630,20260908
2026-09-10T15:43:53+09:00,대한항공,부산/김해,PUS,GIMHAE,,N,베이징(서우두)/서우두,PEK,BEIJING CAPITAL,202609080618,20260908235906,0000000000000012857722,KE2062,I,국제,,도착,202609080630,20260908
2026-09-10T15:43:53+09:00,아시아나항공,부산/김해,PUS,GIMHAE,,Y,싱가폴/싱가포르,SIN,SINGAPORE,202609080629,20260908235907,0000000000000013008669,OZ6786,I,국제,SQ616,도착,202609080635,20260908
2026-09-10T15:43:53+09:00,싱가포르항공,부산/김해,PUS,GIMHAE,,Y,싱가폴/싱가포르,SIN,SINGAPORE,202609080629,20260908235903,0000000000000013008669,SQ616,I,국제,SQ616,도착,202609080635,20260908
2026-09-10T15:43:53+09:00,에어인디아,부산/김해,PUS,GIMHAE,,Y,싱가폴/싱가포르,SIN,SINGAPORE,202609080629,20260908235907,0000000000000013008669,AI8248,I,국제,SQ616,도착,202609080635,20260908
2026-09-10T15:43:53+09:00,버진오스트레일리아항공,부산/김해,PUS,GIMHAE,,Y,싱가폴/싱가포르,SIN,SINGAPORE,202609080629,20260908235907,0000000000000013008669,VA5846,I,국제,SQ616,도착,202609080635,20260908
2026-09-10T15:43:53+09:00,진에어,부산/김해,PUS,GIMHAE,,N,나트랑,CXR,NHA TRANG,202609080638,20260908235905,0000000000000013135244,LJ116,I,국제,,도착,202609080640,20260908
2026-09-10T15:43:53+09:00,비엣젯항공,부산/김해,PUS,GIMHAE,,N,푸꼭(푸국)/푸꾸옥,PQC,PHU QUOC AIRPORT,202609080624,20260908235903,0000000000000013170161,VJ968,I,국제,,도착,202609080640,20260908
2026-09-10T15:43:53+09:00,제주항공,부산/김해,PUS,GIMHAE,,N,상하이/푸동,PVG,PUDONG,202609080631,20260908235905,0000000000000012708131,7C8352,I,국제,,도착,202609080640,20260908
2026-09-10T15:43:53+09:00,에어부산,부산/김해,PUS,GIMHAE,,N,다낭,DAD,DANANG,202609080642,20260908235906,0000000000000013163895,BX774,I,국제,,도착,202609080650,20260908
2026-09-10T15:43:53+09:00,비엣젯항공,부산/김해,PUS,GIMHAE,,N,호치민/호찌민,SGN,HO CHI MINH,202609080739,20260908235903,0000000000000013152252,VJ868,I,국제,,도착,202609080655,20260908
2026-09-10T15:43:53+09:00,에어부산,부산/김해,PUS,GIMHAE,,N,세부,CEB,CEBU,202609080634,20260908235904,0000000000000013163764,BX712,I,국제,,도착,202609080655,20260908
2026-09-10T15:43:53+09:00,캐세이퍼시픽항공,부산/김해,PUS,GIMHAE,,Y,홍콩,HKG,HONG KONG,202609080652,20260908235906,0000000000000013087621,CX5604,I,국제,UO604,도착,202609080700,20260908
2026-09-10T15:43:53+09:00,홍콩익스프레스,부산/김해,PUS,GIMHAE,,Y,홍콩,HKG,HONG KONG,202609080652,20260908235904,0000000000000013087621,UO604,I,국제,UO604,도착,202609080700,20260908
2026-09-10T15:43:53+09:00,베트남항공,부산/김해,PUS,GIMHAE,,N,하노이,HAN,HANOI,202609080950,20260908235906,0000000000000012862897,VN428,I,국제,,도착,202609080705,20260908
2026-09-10T15:43:53+09:00,비엣젯항공,부산/김해,PUS,GIMHAE,,N,하노이,HAN,HANOI,202609080703,20260908235906,0000000000000013125103,VJ982,I,국제,,도착,202609080710,20260908
2026-09-10T15:43:53+09:00,진에어,부산/김해,PUS,GIMHAE,,N,다낭,DAD,DANANG,202609080804,20260908235906,0000000000000013135150,LJ112,I,국제,,도착,202609080715,20260908
2026-09-10T15:43:53+09:00,진에어,부산/김해,PUS,GIMHAE,,N,세부,CEB,CEBU,202609080700,20260908235906,0000000000000012724367,LJ062,I,국제,,도착,202609080725,20260908
2026-09-10T15:43:53+09:00,델타항공,부산/김해,PUS,GIMHAE,,Y,인천,ICN,INCHEON,202609080728,20260908235906,0000000000000012812243,DL7855,I,국제,KE1401,도착,202609080745,20260908
2026-09-10T15:43:53+09:00,대한항공,부산/김해,PUS,GIMHAE,,Y,인천,ICN,INCHEON,202609080728,20260908235904,0000000000000012812243,KE1401,I,국제,KE1401,도착,202609080745,20260908
2026-09-10T15:43:53+09:00,진에어,부산/김해,PUS,GIMHAE,,N,푸꼭(푸국)/푸꾸옥,PQC,PHU QUOC AIRPORT,202609080752,20260908235905,0000000000000013081590,LJ120,I,국제,,도착,202609080745,20260908
2026-09-10T15:43:53+09:00,아시아나항공,부산/김해,PUS,GIMHAE,,Y,인천,ICN,INCHEON,202609080728,20260908235906,0000000000000012812243,OZ9781,I,국제,KE1401,도착,202609080745,20260908
2026-09-10T15:43:53+09:00,베트남항공,부산/김해,PUS,GIMHAE,,N,호치민/호찌민,SGN,HO CHI MINH,202609080815,20260908235905,0000000000000013171907,VN422,I,국제,,도착,202609080750,20260908
2026-09-10T15:43:53+09:00,에어부산,부산/김해,PUS,GIMHAE,,N,덴파사르,DPS,DENPASAR,202609080756,20260908235904,0000000000000012734039,BX602,I,국제,,도착,202609080755,20260908
2026-09-10T15:43:53+09:00,대한항공,부산/김해,PUS,GIMHAE,,N,서울/김포,GMP,GIMPO,202609080749,20260908235904,0000000000000012810143,KE1803,I,국내,,도착,202609080805,20260908
2026-09-10T15:43:53+09:00,제주항공,부산/김해,PUS,GIMHAE,,N,싱가폴/싱가포르,SIN,SINGAPORE,202609080734,20260908235905,0000000000000013074768,7C2662,I,국제,,도착,202609080810,20260908
2026-09-10T15:43:53+09:00,아시아나항공,부산/김해,PUS,GIMHAE,,Y,서울/김포,GMP,GIMPO,202609080819,20260908235906,0000000000000012788221,OZ8803,I,국내,BX8803,도착,202609080830,20260908
2026-09-10T15:43:53+09:00,에어부산,부산/김해,PUS,GIMHAE,,Y,서울/김포,GMP,GIMPO,202609080819,20260908235905,0000000000000012788221,BX8803,I,국내,BX8803,도착,202609080830,20260908
2026-09-10T15:43:53+09:00,제주항공,부산/김해,PUS,GIMHAE,,N,제주,CJU,JEJU,202609080849,20260908235905,0000000000000012774851,7C502,I,국내,,도착,202609080850,20260908
2026-09-10T15:43:53+09:00,대한항공,부산/김해,PUS,GIMHAE,,N,서울/김포,GMP,GIMPO,202609080859,20260908235903,0000000000000012824575,KE1807,I,국내,,도착,202609080910,20260908
2026-09-10T15:43:53+09:00,델타항공,부산/김해,PUS,GIMHAE,,Y,인천,ICN,INCHEON,202609080913,20260908235906,0000000000000012812663,DL7931,I,국제,KE1403,도착,202609080930,20260908
2026-09-10T15:43:53+09:00,아시아나항공,부산/김해,PUS,GIMHAE,,Y,인천,ICN,INCHEON,202609080913,20260908235906,0000000000000012812663,OZ9783,I,국제,KE1403,도착,202609080930,20260908
2026-09-10T15:43:53+09:00,대한항공,부산/김해,PUS,GIMHAE,,Y,인천,ICN,INCHEON,202609080913,20260908235904,0000000000000012812663,KE1403,I,국제,KE1403,도착,202609080930,20260908
2026-09-10T15:43:53+09:00,중화항공,부산/김해,PUS,GIMHAE,,N,타이페이/타오위안,TPE,TAOYUAN,202609080923,20260908235904,0000000000000012862167,CI190,I,국제,,도착,202609080930,20260908
2026-09-10T15:43:53+09:00,가루다인도네시아,부산/김해,PUS,GIMHAE,,Y,인천,ICN,INCHEON,202609080913,20260908235906,0000000000000012812663,GA9989,I,국제,KE1403,도착,202609080930,20260908
2026-09-10T15:43:53+09:00,이스타항공,부산/김해,PUS,GIMHAE,,N,알마티,ALA,ALMATY,202609080954,20260908235905,0000000000000013164873,ZE936,I,국제,,도착,202609080935,20260908
2026-09-10T15:43:53+09:00,대한항공,부산/김해,PUS,GIMHAE,,N,제주,CJU,JEJU,202609080941,20260908235906,0000000000000012842515,KE1512,I,국내,,도착,202609080945,20260908
2026-09-10T15:43:53+09:00,비엣젯항공,부산/김해,PUS,GIMHAE,,N,나트랑,CXR,NHA TRANG,202609080931,20260908235905,0000000000000013170181,VJ918,I,국제,,도착,202609080950,20260908
2026-09-10T15:43:53+09:00,제주항공,부산/김해,PUS,GIMHAE,,N,후쿠오카,FUK,FUKUOKA,202609080936,20260908235905,0000000000000012708765,7C1452,I,국제,,도착,202609081000,20260908
2026-09-10T15:43:53+09:00,에어부산,부산/김해,PUS,GIMHAE,,Y,서울/김포,GMP,GIMPO,202609081018,20260908235904,0000000000000013131286,BX8807,I,국내,BX8807,도착,202609081010,20260908
2026-09-10T15:43:53+09:00,아시아나항공,부산/김해,PUS,GIMHAE,,Y,서울/김포,GMP,GIMPO,202609081018,20260908235906,0000000000000013131286,OZ8807,I,국내,BX8807,도착,202609081010,20260908
2026-09-10T15:43:53+09:00,에어부산,부산/김해,PUS,GIMHAE,,Y,제주,CJU,JEJU,202609080957,20260908235906,0000000000000012797721,BX8106,I,국내,BX8106,도착,202609081020,20260908
2026-09-10T15:43:53+09:00,아시아나항공,부산/김해,PUS,GIMHAE,,Y,제주,CJU,JEJU,202609080957,20260908235906,0000000000000012797721,OZ8106,I,국내,BX8106,도착,202609081020,20260908
2026-09-10T15:43:53+09:00,에어부산,부산/김해,PUS,GIMHAE,,N,후쿠오카,FUK,FUKUOKA,202609081013,20260908235904,0000000000000013162995,BX147,I,국제,,도착,202609081030,20260908
2026-09-10T15:43:53+09:00,에어부산,부산/김해,PUS,GIMHAE,,Y,제주,CJU,JEJU,202609081026,20260908235905,0000000000000012797861,BX8102,I,국내,BX8102,도착,202609081030,20260908
2026-09-10T15:43:53+09:00,아시아나항공,부산/김해,PUS,GIMHAE,,Y,제주,CJU,JEJU,202609081026,20260908235907,0000000000000012797861,OZ8102,I,국내,BX8102,도착,202609081030,20260908
2026-09-10T15:43:53+09:00,에어부산,부산/김해,PUS,GIMHAE,,Y,제주,CJU,JEJU,202609081045,20260908235905,0000000000000012798441,BX8136,I,국내,BX8136,도착,202609081050,20260908
2026-09-10T15:43:53+09:00,아시아나항공,부산/김해,PUS,GIMHAE,,Y,제주,CJU,JEJU,202609081045,20260908235906,0000000000000012798441,OZ8136,I,국내,BX8136,도착,202609081050,20260908
2026-09-10T15:43:53+09:00,스타럭스항공,부산/김해,PUS,GIMHAE,,N,타이페이/타오위안,TPE,TAOYUAN,202609081108,20260908235905,0000000000000013165569,JX1900,I,국제,,도착,202609081055,20260908
2026-09-10T15:43:53+09:00,중화항공,부산/김해,PUS,GIMHAE,,N,타이페이/타오위안,TPE,TAOYUAN,202609081117,20260908235905,0000000000000012861607,CI188,I,국제,,도착,202609081115,20260908
2026-09-10T15:43:53+09:00,스타럭스항공,부산/김해,PUS,GIMHAE,,N,타이중/칭취안강,RMQ,CINGCYUANGANG,202609081112,20260908235905,0000000000000013026040,JX310,I,국제,,도착,202609081130,20260908
2026-09-10T15:43:53+09:00,중국동방항공,부산/김해,PUS,GIMHAE,,Y,상하이/푸동,PVG,PUDONG,202609081132,20260908235906,0000000000000012864325,MU5043,I,국제,MU5043,도착,202609081135,20260908
2026-09-10T15:43:53+09:00,대한항공,부산/김해,PUS,GIMHAE,,N,서울/김포,GMP,GIMPO,202609081124,20260908235905,0000000000000012828175,KE1811,I,국내,,도착,202609081135,20260908
2026-09-10T15:43:53+09:00,상해항공,부산/김해,PUS,GIMHAE,,Y,상하이/푸동,PVG,PUDONG,202609081132,20260908235906,0000000000000012864325,FM3085,I,국제,MU5043,도착,202609081135,20260908
2026-09-10T15:43:53+09:00,제주항공,부산/김해,PUS,GIMHAE,,N,제주,CJU,JEJU,202609081149,20260908235904,0000000000000012775205,7C504,I,국내,,도착,202609081145,20260908
2026-09-10T15:43:53+09:00,중국국제항공,부산/김해,PUS,GIMHAE,,Y,베이징(서우두)/서우두,PEK,BEIJING CAPITAL,202609081128,20260908235906,0000000000000012743695,CA129,I,국제,CA129,도착,202609081145,20260908
2026-09-10T15:43:53+09:00,아시아나항공,부산/김해,PUS,GIMHAE,,Y,베이징(서우두)/서우두,PEK,BEIJING CAPITAL,202609081128,20260908235906,0000000000000012743695,OZ6836,I,국제,CA129,도착,202609081145,20260908
2026-09-10T15:43:53+09:00,진에어,부산/김해,PUS,GIMHAE,,N,후쿠오카,FUK,FUKUOKA,202609081146,20260908235904,0000000000000012720917,LJ292,I,국제,,도착,202609081155,20260908
2026-09-10T15:43:53+09:00,트리니티항공,부산/김해,PUS,GIMHAE,,N,서울/김포,GMP,GIMPO,202609081142,20260908235905,0000000000000013035781,TW923,I,국내,,도착,202609081155,20260908
2026-09-10T15:43:53+09:00,에어부산,부산/김해,PUS,GIMHAE,,Y,서울/김포,GMP,GIMPO,202609081136,20260908235906,0000000000000012789021,BX8809,I,국내,BX8809,도착,202609081200,20260908
2026-09-10T15:43:53+09:00,아시아나항공,부산/김해,PUS,GIMHAE,,Y,서울/김포,GMP,GIMPO,202609081136,20260908235906,0000000000000012789021,OZ8809,I,국내,BX8809,도착,202609081200,20260908
2026-09-10T15:43:53+09:00,트리니티항공,부산/김해,PUS,GIMHAE,,N,후쿠오카,FUK,FUKUOKA,202609081158,20260908235906,0000000000000012718429,TW232,I,국제,,도착,202609081200,20260908
2026-09-10T15:43:53+09:00,진에어,부산/김해,PUS,GIMHAE,,N,오사카/간사이,KIX,KANSAI,202609081153,20260908235905,0000000000000013171333,LJ252,I,국제,,도착,202609081205,20260908
2026-09-10T15:43:53+09:00,제주항공,부산/김해,PUS,GIMHAE,,N,오사카/간사이,KIX,KANSAI,202609081200,20260908235906,0000000000000013154308,7C1352,I,국제,,도착,202609081210,20260908
2026-09-10T15:43:53+09:00,이스타항공,부산/김해,PUS,GIMHAE,,N,후쿠오카,FUK,FUKUOKA,202609081155,20260908235906,0000000000000012746717,ZE942,I,국제,,도착,202609081210,20260908
2026-09-10T15:43:53+09:00,진에어,부산/김해,PUS,GIMHAE,,N,오사카/간사이,KIX,KANSAI,202609081204,20260908235906,0000000000000013135699,LJ256,I,국제,,도착,202609081225,20260908
2026-09-10T15:43:53+09:00,진에어,부산/김해,PUS,GIMHAE,,N,나고야/주부,NGO,CHUBU CENTRAIR,202609081303,20260908235905,0000000000000012722027,LJ376,I,국제,,도착,202609081230,20260908
2026-09-10T15:43:53+09:00,에어부산,부산/김해,PUS,GIMHAE,,N,오사카/간사이,KIX,KANSAI,202609081246,20260908235904,0000000000000013128183,BX123,I,국제,,도착,202609081240,20260908
2026-09-10T15:43:53+09:00,아시아나항공,부산/김해,PUS,GIMHAE,,Y,서울/김포,GMP,GIMPO,202609081243,20260908235906,0000000000000012789441,OZ8811,I,국내,BX8811,도착,202609081245,20260908
2026-09-10T15:43:53+09:00,에어부산,부산/김해,PUS,GIMHAE,,Y,서울/김포,GMP,GIMPO,202609081243,20260908235905,0000000000000012789441,BX8811,I,국내,BX8811,도착,202609081245,20260908
2026-09-10T15:43:53+09:00,이스타항공,부산/김해,PUS,GIMHAE,,N,오사카/간사이,KIX,KANSAI,202609081251,20260908235905,0000000000000013175127,ZE914,I,국제,,도착,202609081255,20260908
2026-09-10T15:43:53+09:00,이스타항공,부산/김해,PUS,GIMHAE,,N,오키나와,OKA,OKINAWA,202609081308,20260908235905,0000000000000012747807,ZE964,I,국제,,도착,202609081300,20260908
2026-09-10T15:43:53+09:00,제주항공,부산/김해,PUS,GIMHAE,,N,도쿄/나리타,NRT,TOKYO/NARITA,202609081208,20260908235905,0000000000000012711561,7C1152,I,국제,,도착,202609081300,20260908
2026-09-10T15:43:53+09:00,에어부산,부산/김해,PUS,GIMHAE,,N,후쿠오카,FUK,FUKUOKA,202609081235,20260908235903,0000000000000013164014,BX141,I,국제,,도착,202609081300,20260908
2026-09-10T15:43:53+09:00,진에어,부산/김해,PUS,GIMHAE,,N,도쿄/나리타,NRT,TOKYO/NARITA,202609081254,20260908235906,0000000000000013157387,LJ222,I,국제,,도착,202609081300,20260908
2026-09-10T15:43:53+09:00,진에어,부산/김해,PUS,GIMHAE,,N,오키나와,OKA,OKINAWA,202609081333,20260908235903,0000000000000012721607,LJ372,I,국제,,도착,202609081305,20260908
2026-09-10T15:43:53+09:00,에어부산,부산/김해,PUS,GIMHAE,,N,도쿄/나리타,NRT,TOKYO/NARITA,202609081259,20260908235905,0000000000000013163972,BX111,I,국제,,도착,202609081315,20260908
2026-09-10T15:43:53+09:00,캐세이퍼시픽항공,부산/김해,PUS,GIMHAE,,Y,홍콩,HKG,HONG KONG,202609081318,20260908235906,0000000000000013088029,CX5674,I,국제,UO674,도착,202609081335,20260908
2026-09-10T15:43:53+09:00,홍콩익스프레스,부산/김해,PUS,GIMHAE,,Y,홍콩,HKG,HONG KONG,202609081318,20260908235906,0000000000000013088029,UO674,I,국제,UO674,도착,202609081335,20260908
2026-09-10T15:43:53+09:00,아시아나항공,부산/김해,PUS,GIMHAE,,Y,서울/김포,GMP,GIMPO,202609081328,20260908235906,0000000000000012789861,OZ8813,I,국내,BX8813,도착,202609081345,20260908
2026-09-10T15:43:53+09:00,에어부산,부산/김해,PUS,GIMHAE,,Y,서울/김포,GMP,GIMPO,202609081328,20260908235905,0000000000000012789861,BX8813,I,국내,BX8813,도착,202609081345,20260908
2026-09-10T15:43:53+09:00,진에어,부산/김해,PUS,GIMHAE,,N,제주,CJU,JEJU,202609081342,20260908235905,0000000000000013100028,LJ562,I,국내,,도착,202609081400,20260908
2026-09-10T15:43:53+09:00,대한항공,부산/김해,PUS,GIMHAE,,Y,상하이/푸동,PVG,PUDONG,202609081336,20260908235905,0000000000000013165339,KE2072,I,국제,KE2072,도착,202609081400,20260908
2026-09-10T15:43:53+09:00,중국동방항공,부산/김해,PUS,GIMHAE,,Y,상하이/푸동,PVG,PUDONG,202609081336,20260908235906,0000000000000013165339,MU8955,I,국제,KE2072,도착,202609081400,20260908
2026-09-10T15:43:53+09:00,상해항공,부산/김해,PUS,GIMHAE,,Y,상하이/푸동,PVG,PUDONG,202609081336,20260908235906,0000000000000013165339,FM8759,I,국제,KE2072,도착,202609081400,20260908
2026-09-10T15:43:53+09:00,제주항공,부산/김해,PUS,GIMHAE,,N,제주,CJU,JEJU,202609081514,20260908235904,0000000000000012775625,7C506,I,국내,,도착,202609081405,20260908
2026-09-10T15:43:53+09:00,에어부산,부산/김해,PUS,GIMHAE,,Y,제주,CJU,JEJU,202609081409,20260908235904,0000000000000012799281,BX8182,I,국내,BX8182,도착,202609081420,20260908
2026-09-10T15:43:53+09:00,아시아나항공,부산/김해,PUS,GIMHAE,,Y,제주,CJU,JEJU,202609081409,20260908235906,0000000000000012799281,OZ8182,I,국내,BX8182,도착,202609081420,20260908
2026-09-10T15:43:53+09:00,아시아나항공,부산/김해,PUS,GIMHAE,,Y,제주,CJU,JEJU,202609081414,20260908235907,0000000000000012799701,OZ8108,I,국내,BX8108,도착,202609081425,20260908
2026-09-10T15:43:53+09:00,에어부산,부산/김해,PUS,GIMHAE,,Y,제주,CJU,JEJU,202609081414,20260908235903,0000000000000012799701,BX8108,I,국내,BX8108,도착,202609081425,20260908
2026-09-10T15:43:53+09:00,대한항공,부산/김해,PUS,GIMHAE,,Y,도쿄/나리타,NRT,TOKYO/NARITA,202609081449,20260908235903,0000000000000012859463,KE2130,I,국제,KE2130,도착,202609081455,20260908
2026-09-10T15:43:53+09:00,일본항공,부산/김해,PUS,GIMHAE,,Y,도쿄/나리타,NRT,TOKYO/NARITA,202609081449,20260908235907,0000000000000012859463,JL5231,I,국제,KE2130,도착,202609081455,20260908
2026-09-10T15:43:53+09:00,제주항공,부산/김해,PUS,GIMHAE,,N,제주,CJU,JEJU,202609081503,20260908235904,0000000000000012776045,7C508,I,국내,,도착,202609081505,20260908
2026-09-10T15:43:53+09:00,대한항공,부산/김해,PUS,GIMHAE,,N,서울/김포,GMP,GIMPO,202609081454,20260908235903,0000000000000013090318,KE1819,I,국내,,도착,202609081505,20260908
2026-09-10T15:43:53+09:00,에어부산,부산/김해,PUS,GIMHAE,,Y,서울/김포,GMP,GIMPO,202609081521,20260908235905,0000000000000013121657,BX8817,I,국내,BX8817,도착,202609081525,20260908
2026-09-10T15:43:53+09:00,아시아나항공,부산/김해,PUS,GIMHAE,,Y,서울/김포,GMP,GIMPO,202609081521,20260908235906,0000000000000013121657,OZ8817,I,국내,BX8817,도착,202609081525,20260908
2026-09-10T15:43:53+09:00,중화항공,부산/김해,PUS,GIMHAE,,Y,타이페이/타오위안,TPE,TAOYUAN,202609081510,20260908235906,0000000000000012859253,CI9686,I,국제,KE2086,도착,202609081530,20260908
2026-09-10T15:43:53+09:00,에어부산,부산/김해,PUS,GIMHAE,,N,삿포로,CTS,SAPPORO,202609081518,20260908235904,0000000000000012735136,BX181,I,국제,,도착,202609081530,20260908
2026-09-10T15:43:53+09:00,에어부산,부산/김해,PUS,GIMHAE,,N,오사카/간사이,KIX,KANSAI,202609081540,20260908235905,0000000000000013163388,BX125,I,국제,,도착,202609081530,20260908
2026-09-10T15:43:53+09:00,에어부산,부산/김해,PUS,GIMHAE,,N,청도/칭다오,TAO,QINGDAO,202609081459,20260908235903,0000000000000013119636,BX322,I,국제,,도착,202609081530,20260908
2026-09-10T15:43:53+09:00,제주항공,부산/김해,PUS,GIMHAE,,Y,타이페이/타오위안,TPE,TAOYUAN,202609081506,20260908235906,0000000000000012989738,7C6152,I,국제,7C6152,도착,202609081530,20260908
2026-09-10T15:43:53+09:00,대한항공,부산/김해,PUS,GIMHAE,,Y,타이페이/타오위안,TPE,TAOYUAN,202609081510,20260908235906,0000000000000012859253,KE2086,I,국제,KE2086,도착,202609081530,20260908
2026-09-10T15:43:53+09:00,트리니티항공,부산/김해,PUS,GIMHAE,,N,서울/김포,GMP,GIMPO,202609081558,20260908235904,0000000000000013115150,TW925,I,국내,,도착,202609081555,20260908
2026-09-10T15:43:53+09:00,대한항공,부산/김해,PUS,GIMHAE,,N,제주,CJU,JEJU,202609081534,20260908235905,0000000000000012842935,KE1538,I,국내,,도착,202609081555,20260908
2026-09-10T15:43:53+09:00,제주항공,부산/김해,PUS,GIMHAE,,N,후쿠오카,FUK,FUKUOKA,202609081546,20260908235904,0000000000000013154502,7C1454,I,국제,,도착,202609081600,20260908
2026-09-10T15:43:53+09:00,제주항공,부산/김해,PUS,GIMHAE,,N,쉬지아쭈앙(석가장)/스자좡,SJW,SHIJIAZHUANG,202609081529,20260908235904,0000000000000012708010,7C8852,I,국제,,도착,202609081600,20260908
2026-09-10T15:43:53+09:00,에어부산,부산/김해,PUS,GIMHAE,,Y,제주,CJU,JEJU,202609081606,20260908235904,0000000000000012800121,BX8110,I,국내,BX8110,도착,202609081610,20260908
2026-09-10T15:43:53+09:00,상해항공,부산/김해,PUS,GIMHAE,,Y,청도/칭다오,TAO,QINGDAO,202609081600,20260908235906,0000000000000012858623,FM8762,I,국제,KE2082,도착,202609081610,20260908
2026-09-10T15:43:53+09:00,중국동방항공,부산/김해,PUS,GIMHAE,,Y,청도/칭다오,TAO,QINGDAO,202609081600,20260908235907,0000000000000012858623,MU8943,I,국제,KE2082,도착,202609081610,20260908
2026-09-10T15:43:53+09:00,아시아나항공,부산/김해,PUS,GIMHAE,,Y,제주,CJU,JEJU,202609081606,20260908235906,0000000000000012800121,OZ8110,I,국내,BX8110,도착,202609081610,20260908
2026-09-10T15:43:53+09:00,대한항공,부산/김해,PUS,GIMHAE,,Y,청도/칭다오,TAO,QINGDAO,202609081600,20260908235905,0000000000000012858623,KE2082,I,국제,KE2082,도착,202609081610,20260908
2026-09-10T15:43:53+09:00,제주항공,부산/김해,PUS,GIMHAE,,N,제주,CJU,JEJU,202609081610,20260908235905,0000000000000012776465,7C510,I,국내,,도착,202609081620,20260908
2026-09-10T15:43:53+09:00,에어부산,부산/김해,PUS,GIMHAE,,N,대용/장가계,DYG,ZHANG JIA JIE,202609081619,20260908235906,0000000000000013163871,BX372,I,국제,,도착,202609081635,20260908
2026-09-10T15:43:53+09:00,제주항공,부산/김해,PUS,GIMHAE,,N,도쿄/나리타,NRT,TOKYO/NARITA,202609081614,20260908235904,0000000000000012990212,7C1154,I,국제,,도착,202609081640,20260908
2026-09-10T15:43:53+09:00,상해항공,부산/김해,PUS,GIMHAE,,Y,상하이/푸동,PVG,PUDONG,202609081555,20260908235904,0000000000000012742769,FM829,I,국제,FM829,도착,202609081650,20260908
2026-09-10T15:43:53+09:00,중국동방항공,부산/김해,PUS,GIMHAE,,Y,상하이/푸동,PVG,PUDONG,202609081555,20260908235906,0000000000000012742769,MU8605,I,국제,FM829,도착,202609081650,20260908
2026-09-10T15:43:53+09:00,에어부산,부산/김해,PUS,GIMHAE,,N,후쿠오카,FUK,FUKUOKA,202609081643,20260908235904,0000000000000013164018,BX145,I,국제,,도착,202609081655,20260908
2026-09-10T15:43:53+09:00,에어부산,부산/김해,PUS,GIMHAE,,N,타이페이/타오위안,TPE,TAOYUAN,202609081622,20260908235904,0000000000000012727093,BX794,I,국제,,도착,202609081705,20260908
2026-09-10T15:43:53+09:00,트리니티항공,부산/김해,PUS,GIMHAE,,N,오사카/간사이,KIX,KANSAI,202609081649,20260908235906,0000000000000012716527,TW322,I,국제,,도착,202609081705,20260908
2026-09-10T15:43:53+09:00,에어부산,부산/김해,PUS,GIMHAE,,N,부산/김해,PUS,GIMHAE,202609081945,20260908235907,0000000000000013175797,BX1325,I,국내,,도착,202609081720,20260908
2026-09-10T15:43:53+09:00,에어부산,부산/김해,PUS,GIMHAE,,Y,제주,CJU,JEJU,202609081744,20260908235903,0000000000000012800541,BX8112,I,국내,BX8112,도착,202609081740,20260908
2026-09-10T15:43:53+09:00,아시아나항공,부산/김해,PUS,GIMHAE,,Y,제주,CJU,JEJU,202609081744,20260908235907,0000000000000012800541,OZ8112,I,국내,BX8112,도착,202609081740,20260908
2026-09-10T15:43:53+09:00,진에어,부산/김해,PUS,GIMHAE,,N,제주,CJU,JEJU,202609081945,20260908235905,0000000000000012697067,LJ564,I,국내,,도착,202609081740,20260908
2026-09-10T15:43:53+09:00,에어부산,부산/김해,PUS,GIMHAE,,Y,서울/김포,GMP,GIMPO,202609081747,20260908235904,0000000000000013131518,BX8821,I,국내,BX8821,도착,202609081745,20260908
2026-09-10T15:43:53+09:00,아시아나항공,부산/김해,PUS,GIMHAE,,Y,서울/김포,GMP,GIMPO,202609081747,20260908235906,0000000000000013131518,OZ8821,I,국내,BX8821,도착,202609081745,20260908
2026-09-10T15:43:53+09:00,스타럭스항공,부산/김해,PUS,GIMHAE,,N,타이페이/타오위안,TPE,TAOYUAN,202609081749,20260908235905,0000000000000013026214,JX902,I,국제,,도착,202609081755,20260908
2026-09-10T15:43:53+09:00,에어부산,부산/김해,PUS,GIMHAE,,N,가오슝,KHH,KAOHSIUNG,202609081737,20260908235904,0000000000000012727753,BX796,I,국제,,도착,202609081755,20260908
2026-09-10T15:43:53+09:00,중국동방항공,부산/김해,PUS,GIMHAE,,N,난징(남경)/난징,NKG,NANJING,202609081755,20260908235906,0000000000000013145061,MU2791,I,국제,,사전결항,202609081755,20260908
2026-09-10T15:43:53+09:00,에어뉴질랜드,부산/김해,PUS,GIMHAE,,Y,타이페이/타오위안,TPE,TAOYUAN,202609081741,20260908235906,0000000000000012749011,NZ4940,I,국제,BR164,도착,202609081800,20260908
2026-09-10T15:43:53+09:00,에바항공,부산/김해,PUS,GIMHAE,,Y,타이페이/타오위안,TPE,TAOYUAN,202609081741,20260908235905,0000000000000012749011,BR164,I,국제,BR164,도착,202609081800,20260908
2026-09-10T15:43:53+09:00,이스타항공,부산/김해,PUS,GIMHAE,,N,오사카/간사이,KIX,KANSAI,202609081728,20260908235905,0000000000000013175168,ZE916,I,국제,,도착,202609081800,20260908
2026-09-10T15:43:53+09:00,이스타항공,부산/김해,PUS,GIMHAE,,N,후쿠오카,FUK,FUKUOKA,202609081755,20260908235904,0000000000000012746917,ZE944,I,국제,,도착,202609081805,20260908
2026-09-10T15:43:53+09:00,아시아나항공,부산/김해,PUS,GIMHAE,,Y,제주,CJU,JEJU,202609081801,20260908235906,0000000000000012801027,OZ8132,I,국내,BX8132,도착,202609081820,20260908
2026-09-10T15:43:53+09:00,진에어,부산/김해,PUS,GIMHAE,,N,제주,CJU,JEJU,202609081854,20260908235905,0000000000000012697907,LJ566,I,국내,,도착,202609081820,20260908
2026-09-10T15:43:53+09:00,에어프랑스,부산/김해,PUS,GIMHAE,,Y,인천,ICN,INCHEON,202609081807,20260908235906,0000000000000012813083,AF5368,I,국제,KE1405,도착,202609081820,20260908
2026-09-10T15:43:53+09:00,델타항공,부산/김해,PUS,GIMHAE,,Y,인천,ICN,INCHEON,202609081807,20260908235906,0000000000000012813083,DL7889,I,국제,KE1405,도착,202609081820,20260908
2026-09-10T15:43:53+09:00,에어부산,부산/김해,PUS,GIMHAE,,Y,제주,CJU,JEJU,202609081801,20260908235906,0000000000000012801027,BX8132,I,국내,BX8132,도착,202609081820,20260908
2026-09-10T15:43:53+09:00,버진아틀랜틱항공,부산/김해,PUS,GIMHAE,,Y,인천,ICN,INCHEON,202609081807,20260908235906,0000000000000012813083,VS5537,I,국제,KE1405,도착,202609081820,20260908
2026-09-10T15:43:53+09:00,대한항공,부산/김해,PUS,GIMHAE,,Y,인천,ICN,INCHEON,202609081807,20260908235905,0000000000000012813083,KE1405,I,국제,KE1405,도착,202609081820,20260908
2026-09-10T15:43:53+09:00,가루다인도네시아,부산/김해,PUS,GIMHAE,,Y,인천,ICN,INCHEON,202609081807,20260908235906,0000000000000012813083,GA9991,I,국제,KE1405,도착,202609081820,20260908
2026-09-10T15:43:53+09:00,제주항공,부산/김해,PUS,GIMHAE,,N,대용/장가계,DYG,ZHANG JIA JIE,202609081818,20260908235904,0000000000000012707830,7C8254,I,국제,,도착,202609081840,20260908
2026-09-10T15:43:53+09:00,대한항공,부산/김해,PUS,GIMHAE,,N,서울/김포,GMP,GIMPO,202609081840,20260908235905,0000000000000013090760,KE1827,I,국내,,도착,202609081840,20260908
2026-09-10T15:43:53+09:00,진에어,부산/김해,PUS,GIMHAE,,N,오사카/간사이,KIX,KANSAI,202609081851,20260908235904,0000000000000012720497,LJ254,I,국제,,도착,202609081855,20260908
2026-09-10T15:43:53+09:00,중화항공,부산/김해,PUS,GIMHAE,,N,타이페이/타오위안,TPE,TAOYUAN,202609081849,20260908235903,0000000000000012862027,CI186,I,국제,,도착,202609081900,20260908
2026-09-10T15:43:53+09:00,진에어,부산/김해,PUS,GIMHAE,,N,도쿄/나리타,NRT,TOKYO/NARITA,202609081929,20260908235906,0000000000000013157486,LJ224,I,국제,,도착,202609081915,20260908
2026-09-10T15:43:53+09:00,진에어,부산/김해,PUS,GIMHAE,,N,타이중/칭취안강,RMQ,CINGCYUANGANG,202609081906,20260908235903,0000000000000012723272,LJ742,I,국제,,도착,202609081920,20260908
2026-09-10T15:43:53+09:00,델타항공,부산/김해,PUS,GIMHAE,,Y,인천,ICN,INCHEON,202609081932,20260908235907,0000000000000012813503,DL7879,I,국제,KE1407,도착,202609081935,20260908
2026-09-10T15:43:53+09:00,제주항공,부산/김해,PUS,GIMHAE,,N,제주,CJU,JEJU,202609081925,20260908235905,0000000000000012776885,7C512,I,국내,,도착,202609081935,20260908
2026-09-10T15:43:53+09:00,네덜란드항공,부산/김해,PUS,GIMHAE,,Y,인천,ICN,INCHEON,202609081932,20260908235907,0000000000000012813503,KL4249,I,국제,KE1407,도착,202609081935,20260908
2026-09-10T15:43:53+09:00,대한항공,부산/김해,PUS,GIMHAE,,Y,인천,ICN,INCHEON,202609081932,20260908235903,0000000000000012813503,KE1407,I,국제,KE1407,도착,202609081935,20260908
2026-09-10T15:43:53+09:00,가루다인도네시아,부산/김해,PUS,GIMHAE,,Y,인천,ICN,INCHEON,202609081932,20260908235907,0000000000000012813503,GA9963,I,국제,KE1407,도착,202609081935,20260908
2026-09-10T15:43:53+09:00,아시아나항공,부산/김해,PUS,GIMHAE,,Y,인천,ICN,INCHEON,202609081932,20260908235907,0000000000000012813503,OZ9787,I,국제,KE1407,도착,202609081935,20260908
2026-09-10T15:43:53+09:00,에어부산,부산/김해,PUS,GIMHAE,,Y,제주,CJU,JEJU,202609081922,20260908235905,0000000000000013155838,BX8116,I,국내,BX8116,도착,202609081940,20260908
2026-09-10T15:43:53+09:00,아시아나항공,부산/김해,PUS,GIMHAE,,Y,제주,CJU,JEJU,202609081922,20260908235906,0000000000000013155838,OZ8116,I,국내,BX8116,도착,202609081940,20260908
2026-09-10T15:43:53+09:00,진에어,부산/김해,PUS,GIMHAE,,N,삿포로,CTS,SAPPORO,202609082006,20260908235904,0000000000000013140271,LJ312,I,국제,,도착,202609081950,20260908
2026-09-10T15:43:53+09:00,필리핀항공,부산/김해,PUS,GIMHAE,,N,마닐라,MNL,MANILA,202609081901,20260908235905,0000000000000013172704,PR462,I,국제,,도착,202609081950,20260908
2026-09-10T15:43:53+09:00,에어부산,부산/김해,PUS,GIMHAE,,N,타이페이/타오위안,TPE,TAOYUAN,202609082009,20260908235905,0000000000000013163922,BX792,I,국제,,도착,202609081955,20260908
2026-09-10T15:43:53+09:00,타이거에어 타이완,부산/김해,PUS,GIMHAE,,N,타이페이/타오위안,TPE,TAOYUAN,202609082000,20260908235906,0000000000000012862580,IT606,I,국제,,도착,202609081955,20260908
2026-09-10T15:43:53+09:00,트리니티항공,부산/김해,PUS,GIMHAE,,N,서울/김포,GMP,GIMPO,202609081953,20260908235905,0000000000000013114794,TW927,I,국내,,도착,202609081955,20260908
2026-09-10T15:43:53+09:00,에어부산,부산/김해,PUS,GIMHAE,,N,마쓰야마,MYJ,MATSUYAMA,202609081917,20260908235904,0000000000000013135380,BX133,I,국제,,도착,202609081955,20260908
2026-09-10T15:43:53+09:00,진에어,부산/김해,PUS,GIMHAE,,N,제주,CJU,JEJU,202609082004,20260908235904,0000000000000012698747,LJ568,I,국내,,도착,202609082015,20260908
2026-09-10T15:43:53+09:00,대한항공,부산/김해,PUS,GIMHAE,,N,제주,CJU,JEJU,202609082013,20260908235904,0000000000000013150207,KE1554,I,국내,,도착,202609082025,20260908
2026-09-10T15:43:53+09:00,트리니티항공,부산/김해,PUS,GIMHAE,,N,오사카/간사이,KIX,KANSAI,202609082021,20260908235904,0000000000000012719059,TW320,I,국제,,도착,202609082030,20260908
2026-09-10T15:43:53+09:00,에어부산,부산/김해,PUS,GIMHAE,,N,오사카/간사이,KIX,KANSAI,202609082026,20260908235906,0000000000000013163568,BX121,I,국제,,도착,202609082030,20260908
2026-09-10T15:43:53+09:00,제주항공,부산/김해,PUS,GIMHAE,,N,가오슝,KHH,KAOHSIUNG,202609082016,20260908235905,0000000000000012707737,7C6256,I,국제,,도착,202609082030,20260908
2026-09-10T15:43:53+09:00,아시아나항공,부산/김해,PUS,GIMHAE,,Y,제주,CJU,JEJU,202609082024,20260908235907,0000000000000012802461,OZ8114,I,국내,BX8114,도착,202609082040,20260908
2026-09-10T15:43:53+09:00,에어부산,부산/김해,PUS,GIMHAE,,Y,제주,CJU,JEJU,202609082024,20260908235903,0000000000000012802461,BX8114,I,국내,BX8114,도착,202609082040,20260908
2026-09-10T15:43:53+09:00,아시아나항공,부산/김해,PUS,GIMHAE,,Y,인천,ICN,INCHEON,202609082031,20260908235906,0000000000000012813923,OZ9789,I,국제,KE1409,도착,202609082045,20260908
2026-09-10T15:43:53+09:00,네덜란드항공,부산/김해,PUS,GIMHAE,,Y,인천,ICN,INCHEON,202609082031,20260908235906,0000000000000012813923,KL3396,I,국제,KE1409,도착,202609082045,20260908
2026-09-10T15:43:53+09:00,에어프랑스,부산/김해,PUS,GIMHAE,,Y,인천,ICN,INCHEON,202609082031,20260908235906,0000000000000012813923,AF5391,I,국제,KE1409,도착,202609082045,20260908
2026-09-10T15:43:53+09:00,델타항공,부산/김해,PUS,GIMHAE,,Y,인천,ICN,INCHEON,202609082031,20260908235906,0000000000000012813923,DL7887,I,국제,KE1409,도착,202609082045,20260908
2026-09-10T15:43:53+09:00,대한항공,부산/김해,PUS,GIMHAE,,Y,인천,ICN,INCHEON,202609082031,20260908235904,0000000000000012813923,KE1409,I,국제,KE1409,도착,202609082045,20260908
2026-09-10T15:43:53+09:00,트리니티항공,부산/김해,PUS,GIMHAE,,N,후쿠오카,FUK,FUKUOKA,202609082102,20260908235905,0000000000000012718849,TW236,I,국제,,도착,202609082055,20260908
2026-09-10T15:43:53+09:00,제주항공,부산/김해,PUS,GIMHAE,,N,오사카/간사이,KIX,KANSAI,202609082035,20260908235905,0000000000000013153920,7C1354,I,국제,,도착,202609082055,20260908
2026-09-10T15:43:53+09:00,아시아나항공,부산/김해,PUS,GIMHAE,,Y,제주,CJU,JEJU,202609082038,20260908235907,0000000000000013062943,OZ8138,I,국내,BX8138,도착,202609082055,20260908
2026-09-10T15:43:53+09:00,에어부산,부산/김해,PUS,GIMHAE,,N,다가마스/다카마쓰,TAK,TAKAMATSU,202609082055,20260908235906,0000000000000012972244,BX1315,I,국제,,결항,202609082055,20260908
2026-09-10T15:43:53+09:00,에어부산,부산/김해,PUS,GIMHAE,,Y,제주,CJU,JEJU,202609082038,20260908235904,0000000000000013062943,BX8138,I,국내,BX8138,도착,202609082055,20260908
2026-09-10T15:43:53+09:00,제주항공,부산/김해,PUS,GIMHAE,,N,제주,CJU,JEJU,202609082112,20260908235906,0000000000000012777305,7C514,I,국내,,도착,202609082100,20260908
2026-09-10T15:43:53+09:00,에어부산,부산/김해,PUS,GIMHAE,,N,후쿠오카,FUK,FUKUOKA,202609082042,20260908235904,0000000000000013164017,BX143,I,국제,,도착,202609082100,20260908
2026-09-10T15:43:53+09:00,이스타항공,부산/김해,PUS,GIMHAE,,N,삿포로,CTS,SAPPORO,202609082018,20260908235905,0000000000000013175129,ZE952,I,국제,,도착,202609082100,20260908
2026-09-10T15:43:53+09:00,에어부산,부산/김해,PUS,GIMHAE,,Y,서울/김포,GMP,GIMPO,202609082105,20260908235905,0000000000000013131750,BX8827,I,국내,BX8827,도착,202609082105,20260908
2026-09-10T15:43:53+09:00,아시아나항공,부산/김해,PUS,GIMHAE,,Y,서울/김포,GMP,GIMPO,202609082105,20260908235906,0000000000000013131750,OZ8827,I,국내,BX8827,도착,202609082105,20260908
2026-09-10T15:43:53+09:00,진에어,부산/김해,PUS,GIMHAE,,N,제주,CJU,JEJU,202609082107,20260908235906,0000000000000012699667,LJ570,I,국내,,도착,202609082105,20260908
2026-09-10T15:43:53+09:00,대한항공,부산/김해,PUS,GIMHAE,,Y,나고야/주부,NGO,CHUBU CENTRAIR,202609082126,20260908235905,0000000000000012860513,KE2134,I,국제,KE2134,도착,202609082130,20260908
2026-09-10T15:43:53+09:00,일본항공,부산/김해,PUS,GIMHAE,,Y,나고야/주부,NGO,CHUBU CENTRAIR,202609082126,20260908235906,0000000000000012860513,JL5239,I,국제,KE2134,도착,202609082130,20260908
2026-09-10T15:43:53+09:00,춘추항공,부산/김해,PUS,GIMHAE,,N,상하이/푸동,PVG,PUDONG,202609082059,20260908235905,0000000000000012976739,9C6899,I,국제,,도착,202609082130,20260908
2026-09-10T15:43:53+09:00,대한항공,부산/김해,PUS,GIMHAE,,N,제주,CJU,JEJU,202609082121,20260908235904,0000000000000012844615,KE1558,I,국내,,도착,202609082130,20260908
2026-09-10T15:43:53+09:00,대한항공,부산/김해,PUS,GIMHAE,,Y,도쿄/나리타,NRT,TOKYO/NARITA,202609082131,20260908235904,0000000000000012860093,KE2132,I,국제,KE2132,도착,202609082135,20260908
2026-09-10T15:43:53+09:00,일본항공,부산/김해,PUS,GIMHAE,,Y,도쿄/나리타,NRT,TOKYO/NARITA,202609082131,20260908235907,0000000000000012860093,JL5161,I,국제,KE2132,도착,202609082135,20260908
2026-09-10T15:43:53+09:00,트리니티항공,부산/김해,PUS,GIMHAE,,N,가오슝,KHH,KAOHSIUNG,202609082110,20260908235903,0000000000000012717314,TW676,I,국제,,도착,202609082205,20260908
2026-09-10T15:43:53+09:00,대한항공,부산/김해,PUS,GIMHAE,,N,제주,CJU,JEJU,202609082156,20260908235905,0000000000000013087117,KE1562,I,국내,,도착,202609082205,20260908
2026-09-10T15:43:53+09:00,대한항공,인천,,INCHEON,ICN,Y,부산/김해,PUS,GIMHAE,202609080713,20260908235906,0000000000000012814762,KE1402,O,국제,KE1402,출발,202609080700,20260908
2026-09-10T15:43:53+09:00,에어프랑스,인천,,INCHEON,ICN,Y,부산/김해,PUS,GIMHAE,202609080713,20260908235906,0000000000000012814762,AF7900,O,국제,KE1402,출발,202609080700,20260908
2026-09-10T15:43:53+09:00,아시아나항공,인천,,INCHEON,ICN,Y,부산/김해,PUS,GIMHAE,202609080713,20260908235906,0000000000000012814762,OZ9782,O,국제,KE1402,출발,202609080700,20260908
2026-09-10T15:43:53+09:00,제주항공,후쿠오카,,FUKUOKA,FUK,N,부산/김해,PUS,GIMHAE,202609080705,20260908235905,0000000000000012708555,7C1451,O,국제,,출발,202609080700,20260908
2026-09-10T15:43:53+09:00,가루다인도네시아,인천,,INCHEON,ICN,Y,부산/김해,PUS,GIMHAE,202609080713,20260908235906,0000000000000012814762,GA9988,O,국제,KE1402,출발,202609080700,20260908
2026-09-10T15:43:53+09:00,델타항공,인천,,INCHEON,ICN,Y,부산/김해,PUS,GIMHAE,202609080713,20260908235906,0000000000000012814762,DL7829,O,국제,KE1402,출발,202609080700,20260908
2026-09-10T15:43:53+09:00,대한항공,제주,,JEJU,CJU,N,부산/김해,PUS,GIMHAE,202609080707,20260908235906,0000000000000012839994,KE1505,O,국내,,출발,202609080700,20260908
2026-09-10T15:43:53+09:00,에어부산,서울/김포,,GIMPO,GMP,Y,부산/김해,PUS,GIMHAE,202609080729,20260908235904,0000000000000013131053,BX8802,O,국내,BX8802,출발,202609080720,20260908
2026-09-10T15:43:53+09:00,아시아나항공,서울/김포,,GIMPO,GMP,Y,부산/김해,PUS,GIMHAE,202609080729,20260908235906,0000000000000013131053,OZ8802,O,국내,BX8802,출발,202609080720,20260908
2026-09-10T15:43:53+09:00,진에어,제주,,JEJU,CJU,N,부산/김해,PUS,GIMHAE,202609080740,20260908235906,0000000000000012695386,LJ561,O,국내,,출발,202609080725,20260908
2026-09-10T15:43:53+09:00,에어부산,제주,,JEJU,CJU,Y,부산/김해,PUS,GIMHAE,202609080743,20260908235905,0000000000000012792528,BX8107,O,국내,BX8107,출발,202609080730,20260908
2026-09-10T15:43:53+09:00,제주항공,도쿄/나리타,,TOKYO/NARITA,NRT,N,부산/김해,PUS,GIMHAE,202609080723,20260908235905,0000000000000012711415,7C1151,O,국제,,출발,202609080730,20260908
2026-09-10T15:43:53+09:00,아시아나항공,제주,,JEJU,CJU,Y,부산/김해,PUS,GIMHAE,202609080743,20260908235906,0000000000000012792528,OZ8107,O,국내,BX8107,출발,202609080730,20260908
2026-09-10T15:43:53+09:00,에어부산,후쿠오카,,FUKUOKA,FUK,N,부산/김해,PUS,GIMHAE,202609080735,20260908235905,0000000000000013163028,BX148,O,국제,,출발,202609080730,20260908
2026-09-10T15:43:53+09:00,싱가포르항공,싱가폴/싱가포르,,SINGAPORE,SIN,Y,부산/김해,PUS,GIMHAE,202609080816,20260908235904,0000000000000013008552,SQ615,O,국제,SQ615,출발,202609080740,20260908
2026-09-10T15:43:53+09:00,홍콩익스프레스,홍콩,,HONG KONG,HKG,Y,부산/김해,PUS,GIMHAE,202609080745,20260908235904,0000000000000013087732,UO607,O,국제,UO607,출발,202609080745,20260908
2026-09-10T15:43:53+09:00,비엣젯항공,푸꼭(푸국)/푸꾸옥,,PHU QUOC AIRPORT,PQC,N,부산/김해,PUS,GIMHAE,202609080832,20260908235905,0000000000000013170144,VJ969,O,국제,,출발,202609080745,20260908
2026-09-10T15:43:53+09:00,진에어,제주,,JEJU,CJU,N,부산/김해,PUS,GIMHAE,202609080758,20260908235904,0000000000000012904008,LJ563,O,국내,,출발,202609080745,20260908
2026-09-10T15:43:53+09:00,캐세이퍼시픽항공,홍콩,,HONG KONG,HKG,Y,부산/김해,PUS,GIMHAE,202609080745,20260908235907,0000000000000013087732,CX5607,O,국제,UO607,출발,202609080745,20260908
2026-09-10T15:43:53+09:00,에어부산,제주,,JEJU,CJU,Y,부산/김해,PUS,GIMHAE,202609080808,20260908235903,0000000000000012792792,BX8105,O,국내,BX8105,출발,202609080750,20260908
2026-09-10T15:43:53+09:00,아시아나항공,제주,,JEJU,CJU,Y,부산/김해,PUS,GIMHAE,202609080808,20260908235907,0000000000000012792792,OZ8105,O,국내,BX8105,출발,202609080750,20260908
2026-09-10T15:43:53+09:00,에어부산,도쿄/나리타,,TOKYO/NARITA,NRT,N,부산/김해,PUS,GIMHAE,202609080801,20260908235905,0000000000000013163946,BX112,O,국제,,출발,202609080750,20260908
2026-09-10T15:43:53+09:00,대한항공,도쿄/나리타,,TOKYO/NARITA,NRT,Y,부산/김해,PUS,GIMHAE,202609080803,20260908235906,0000000000000013174715,KE5083,O,국제,LJ221,출발,202609080755,20260908
2026-09-10T15:43:53+09:00,진에어,도쿄/나리타,,TOKYO/NARITA,NRT,Y,부산/김해,PUS,GIMHAE,202609080803,20260908235905,0000000000000013174715,LJ221,O,국제,LJ221,출발,202609080755,20260908
2026-09-10T15:43:53+09:00,베트남항공,나트랑,,NHA TRANG,CXR,N,부산/김해,PUS,GIMHAE,202609080842,20260908235904,0000000000000013171965,VN435,O,국제,,출발,202609080755,20260908
2026-09-10T15:43:53+09:00,델타항공,인천,,INCHEON,ICN,Y,부산/김해,PUS,GIMHAE,202609080808,20260908235906,0000000000000012815182,DL7928,O,국제,KE1404,출발,202609080800,20260908
2026-09-10T15:43:53+09:00,가루다인도네시아,인천,,INCHEON,ICN,Y,부산/김해,PUS,GIMHAE,202609080808,20260908235906,0000000000000012815182,GA9990,O,국제,KE1404,출발,202609080800,20260908
2026-09-10T15:43:53+09:00,대한항공,인천,,INCHEON,ICN,Y,부산/김해,PUS,GIMHAE,202609080808,20260908235904,0000000000000012815182,KE1404,O,국제,KE1404,출발,202609080800,20260908
2026-09-10T15:43:53+09:00,아시아나항공,인천,,INCHEON,ICN,Y,부산/김해,PUS,GIMHAE,202609080808,20260908235906,0000000000000012815182,OZ9784,O,국제,KE1404,출발,202609080800,20260908
2026-09-10T15:43:53+09:00,에어프랑스,인천,,INCHEON,ICN,Y,부산/김해,PUS,GIMHAE,202609080808,20260908235906,0000000000000012815182,AF5372,O,국제,KE1404,출발,202609080800,20260908
2026-09-10T15:43:53+09:00,제주항공,제주,,JEJU,CJU,N,부산/김해,PUS,GIMHAE,202609080824,20260908235905,0000000000000012772144,7C501,O,국내,,출발,202609080800,20260908
2026-09-10T15:43:53+09:00,이스타항공,오키나와,,OKINAWA,OKA,N,부산/김해,PUS,GIMHAE,202609080810,20260908235905,0000000000000012747688,ZE963,O,국제,,출발,202609080800,20260908
2026-09-10T15:43:53+09:00,에어부산,제주,,JEJU,CJU,Y,부산/김해,PUS,GIMHAE,202609080830,20260908235904,0000000000000012793728,BX8133,O,국내,BX8133,출발,202609080800,20260908
2026-09-10T15:43:53+09:00,아시아나항공,제주,,JEJU,CJU,Y,부산/김해,PUS,GIMHAE,202609080830,20260908235906,0000000000000012793728,OZ8133,O,국내,BX8133,출발,202609080800,20260908
2026-09-10T15:43:53+09:00,대한항공,오키나와,,OKINAWA,OKA,Y,부산/김해,PUS,GIMHAE,202609080827,20260908235906,0000000000000012721397,KE5747,O,국제,LJ371,출발,202609080805,20260908
2026-09-10T15:43:53+09:00,제주항공,오사카/간사이,,KANSAI,KIX,N,부산/김해,PUS,GIMHAE,202609080820,20260908235905,0000000000000013154225,7C1351,O,국제,,출발,202609080805,20260908
2026-09-10T15:43:53+09:00,진에어,오키나와,,OKINAWA,OKA,Y,부산/김해,PUS,GIMHAE,202609080827,20260908235904,0000000000000012721397,LJ371,O,국제,LJ371,출발,202609080805,20260908
2026-09-10T15:43:53+09:00,비엣젯항공,하노이,,HANOI,HAN,N,부산/김해,PUS,GIMHAE,202609080820,20260908235906,0000000000000013124978,VJ981,O,국제,,출발,202609080810,20260908
2026-09-10T15:43:53+09:00,비엣젯항공,호치민/호찌민,,HO CHI MINH,SGN,N,부산/김해,PUS,GIMHAE,202609080902,20260908235906,0000000000000013152306,VJ869,O,국제,,출발,202609080810,20260908
2026-09-10T15:43:53+09:00,진에어,오사카/간사이,,KANSAI,KIX,N,부산/김해,PUS,GIMHAE,202609080836,20260908235904,0000000000000013135584,LJ255,O,국제,,출발,202609080825,20260908
2026-09-10T15:43:53+09:00,트리니티항공,서울/김포,,GIMPO,GMP,N,부산/김해,PUS,GIMHAE,202609080839,20260908235903,0000000000000013115085,TW922,O,국내,,출발,202609080830,20260908
2026-09-10T15:43:53+09:00,진에어,나고야/주부,,CHUBU CENTRAIR,NGO,N,부산/김해,PUS,GIMHAE,202609080924,20260908235905,0000000000000012721817,LJ375,O,국제,,출발,202609080830,20260908
2026-09-10T15:43:53+09:00,에어부산,오사카/간사이,,KANSAI,KIX,N,부산/김해,PUS,GIMHAE,202609080832,20260908235905,0000000000000013128293,BX124,O,국제,,출발,202609080830,20260908
2026-09-10T15:43:53+09:00,상해항공,상하이/푸동,,PUDONG,PVG,Y,부산/김해,PUS,GIMHAE,202609080846,20260908235907,0000000000000013165337,FM8760,O,국제,KE2071,출발,202609080835,20260908
2026-09-10T15:43:53+09:00,중국동방항공,상하이/푸동,,PUDONG,PVG,Y,부산/김해,PUS,GIMHAE,202609080846,20260908235907,0000000000000013165337,MU8954,O,국제,KE2071,출발,202609080835,20260908
2026-09-10T15:43:53+09:00,대한항공,상하이/푸동,,PUDONG,PVG,Y,부산/김해,PUS,GIMHAE,202609080846,20260908235904,0000000000000013165337,KE2071,O,국제,KE2071,출발,202609080835,20260908
2026-09-10T15:43:53+09:00,아시아나항공,인천,,INCHEON,ICN,Y,부산/김해,PUS,GIMHAE,202609080851,20260908235907,0000000000000012815602,OZ9786,O,국제,KE1406,출발,202609080845,20260908
2026-09-10T15:43:53+09:00,대한항공,인천,,INCHEON,ICN,Y,부산/김해,PUS,GIMHAE,202609080851,20260908235904,0000000000000012815602,KE1406,O,국제,KE1406,출발,202609080845,20260908
2026-09-10T15:43:53+09:00,대한항공,서울/김포,,GIMPO,GMP,N,부산/김해,PUS,GIMHAE,202609080854,20260908235906,0000000000000012852534,KE1806,O,국내,,출발,202609080845,20260908
2026-09-10T15:43:53+09:00,버진아틀랜틱항공,인천,,INCHEON,ICN,Y,부산/김해,PUS,GIMHAE,202609080851,20260908235907,0000000000000012815602,VS5538,O,국제,KE1406,출발,202609080845,20260908
2026-09-10T15:43:53+09:00,델타항공,인천,,INCHEON,ICN,Y,부산/김해,PUS,GIMHAE,202609080851,20260908235907,0000000000000012815602,DL7876,O,국제,KE1406,출발,202609080845,20260908
2026-09-10T15:43:53+09:00,아시아나항공,서울/김포,,GIMPO,GMP,Y,부산/김해,PUS,GIMHAE,202609080857,20260908235906,0000000000000012790700,OZ8804,O,국내,BX8804,출발,202609080850,20260908
2026-09-10T15:43:53+09:00,에어부산,서울/김포,,GIMPO,GMP,Y,부산/김해,PUS,GIMHAE,202609080857,20260908235906,0000000000000012790700,BX8804,O,국내,BX8804,출발,202609080850,20260908
2026-09-10T15:43:53+09:00,제주항공,제주,,JEJU,CJU,N,부산/김해,PUS,GIMHAE,202609080907,20260908235905,0000000000000012772564,7C503,O,국내,,출발,202609080850,20260908
2026-09-10T15:43:53+09:00,대한항공,타이페이/타오위안,,TAOYUAN,TPE,Y,부산/김해,PUS,GIMHAE,202609080924,20260908235905,0000000000000012859043,KE2085,O,국제,KE2085,출발,202609080900,20260908
2026-09-10T15:43:53+09:00,에어부산,대용/장가계,,ZHANG JIA JIE,DYG,N,부산/김해,PUS,GIMHAE,202609080929,20260908235904,0000000000000013163874,BX371,O,국제,,출발,202609080900,20260908
2026-09-10T15:43:53+09:00,이스타항공,오사카/간사이,,KANSAI,KIX,N,부산/김해,PUS,GIMHAE,202609080916,20260908235904,0000000000000013175169,ZE913,O,국제,,출발,202609080900,20260908
2026-09-10T15:43:53+09:00,중화항공,타이페이/타오위안,,TAOYUAN,TPE,Y,부산/김해,PUS,GIMHAE,202609080924,20260908235906,0000000000000012859043,CI9697,O,국제,KE2085,출발,202609080900,20260908
2026-09-10T15:43:53+09:00,진에어,후쿠오카,,FUKUOKA,FUK,N,부산/김해,PUS,GIMHAE,202609080910,20260908235905,0000000000000012721127,LJ291,O,국제,,출발,202609080900,20260908
2026-09-10T15:43:53+09:00,이스타항공,후쿠오카,,FUKUOKA,FUK,N,부산/김해,PUS,GIMHAE,202609080927,20260908235906,0000000000000012746747,ZE941,O,국제,,출발,202609080900,20260908
2026-09-10T15:43:53+09:00,에어부산,삿포로,,SAPPORO,CTS,N,부산/김해,PUS,GIMHAE,202609080933,20260908235904,0000000000000012735046,BX182,O,국제,,출발,202609080905,20260908
2026-09-10T15:43:53+09:00,트리니티항공,후쿠오카,,FUKUOKA,FUK,N,부산/김해,PUS,GIMHAE,202609080917,20260908235906,0000000000000012718219,TW231,O,국제,,출발,202609080905,20260908
2026-09-10T15:43:53+09:00,트리니티항공,오사카/간사이,,KANSAI,KIX,N,부산/김해,PUS,GIMHAE,202609080937,20260908235905,0000000000000012719269,TW319,O,국제,,출발,202609080920,20260908
2026-09-10T15:43:53+09:00,일본항공,도쿄/나리타,,TOKYO/NARITA,NRT,Y,부산/김해,PUS,GIMHAE,202609080943,20260908235906,0000000000000012859673,JL5230,O,국제,KE2129,출발,202609080920,20260908
2026-09-10T15:43:53+09:00,대한항공,도쿄/나리타,,TOKYO/NARITA,NRT,Y,부산/김해,PUS,GIMHAE,202609080943,20260908235905,0000000000000012859673,KE2129,O,국제,KE2129,출발,202609080920,20260908
2026-09-10T15:43:53+09:00,제주항공,타이페이/타오위안,,TAOYUAN,TPE,N,부산/김해,PUS,GIMHAE,202609080942,20260908235904,0000000000000012989768,7C6151,O,국제,,출발,202609080930,20260908
2026-09-10T15:43:53+09:00,제주항공,쉬지아쭈앙(석가장)/스자좡,,SHIJIAZHUANG,SJW,N,부산/김해,PUS,GIMHAE,202609080958,20260908235903,0000000000000012707950,7C8851,O,국제,,출발,202609080950,20260908
2026-09-10T15:43:53+09:00,대한항공,제주,,JEJU,CJU,N,부산/김해,PUS,GIMHAE,202609081004,20260908235904,0000000000000012840414,KE1515,O,국내,,출발,202609080955,20260908
2026-09-10T15:43:53+09:00,에어부산,후쿠오카,,FUKUOKA,FUK,N,부산/김해,PUS,GIMHAE,202609081022,20260908235903,0000000000000013164013,BX142,O,국제,,출발,202609081000,20260908
2026-09-10T15:43:53+09:00,베트남항공,호치민/호찌민,,HO CHI MINH,SGN,N,부산/김해,PUS,GIMHAE,202609081019,20260908235906,0000000000000013171908,VN423,O,국제,,출발,202609081000,20260908
2026-09-10T15:43:53+09:00,대한항공,제주,,JEJU,CJU,N,부산/김해,PUS,GIMHAE,202609081052,20260908235904,0000000000000012840834,KE1517,O,국내,,출발,202609081025,20260908
2026-09-10T15:43:53+09:00,중화항공,타이페이/타오위안,,TAOYUAN,TPE,N,부산/김해,PUS,GIMHAE,202609081029,20260908235906,0000000000000012862287,CI191,O,국제,,출발,202609081030,20260908
2026-09-10T15:43:53+09:00,에어부산,청도/칭다오,,QINGDAO,TAO,N,부산/김해,PUS,GIMHAE,202609081037,20260908235904,0000000000000013119523,BX321,O,국제,,출발,202609081030,20260908
2026-09-10T15:43:53+09:00,대한항공,인천,,INCHEON,ICN,Y,부산/김해,PUS,GIMHAE,202609081041,20260908235906,0000000000000012816022,KE1408,O,국제,KE1408,출발,202609081040,20260908
2026-09-10T15:43:53+09:00,아시아나항공,인천,,INCHEON,ICN,Y,부산/김해,PUS,GIMHAE,202609081041,20260908235906,0000000000000012816022,OZ9788,O,국제,KE1408,출발,202609081040,20260908
2026-09-10T15:43:53+09:00,델타항공,인천,,INCHEON,ICN,Y,부산/김해,PUS,GIMHAE,202609081041,20260908235906,0000000000000012816022,DL7916,O,국제,KE1408,출발,202609081040,20260908
2026-09-10T15:43:53+09:00,가루다인도네시아,인천,,INCHEON,ICN,Y,부산/김해,PUS,GIMHAE,202609081041,20260908235906,0000000000000012816022,GA9962,O,국제,KE1408,출발,202609081040,20260908
2026-09-10T15:43:53+09:00,아시아나항공,서울/김포,,GIMPO,GMP,Y,부산/김해,PUS,GIMHAE,202609081114,20260908235906,0000000000000013131989,OZ8806,O,국내,BX8806,출발,202609081050,20260908
2026-09-10T15:43:53+09:00,에어부산,서울/김포,,GIMPO,GMP,Y,부산/김해,PUS,GIMHAE,202609081114,20260908235904,0000000000000013131989,BX8806,O,국내,BX8806,출발,202609081050,20260908
2026-09-10T15:43:53+09:00,에어부산,타이페이/타오위안,,TAOYUAN,TPE,N,부산/김해,PUS,GIMHAE,202609081101,20260908235905,0000000000000012726883,BX793,O,국제,,출발,202609081050,20260908
2026-09-10T15:43:53+09:00,비엣젯항공,나트랑,,NHA TRANG,CXR,N,부산/김해,PUS,GIMHAE,202609081039,20260908235904,0000000000000013170211,VJ919,O,국제,,출발,202609081055,20260908
2026-09-10T15:43:53+09:00,베트남항공,하노이,,HANOI,HAN,N,부산/김해,PUS,GIMHAE,202609081138,20260908235905,0000000000000012863107,VN429,O,국제,,출발,202609081100,20260908
2026-09-10T15:43:53+09:00,대한항공,청도/칭다오,,QINGDAO,TAO,Y,부산/김해,PUS,GIMHAE,202609081113,20260908235906,0000000000000012858833,KE2081,O,국제,KE2081,출발,202609081100,20260908
2026-09-10T15:43:53+09:00,상해항공,청도/칭다오,,QINGDAO,TAO,Y,부산/김해,PUS,GIMHAE,202609081113,20260908235906,0000000000000012858833,FM8761,O,국제,KE2081,출발,202609081100,20260908
2026-09-10T15:43:53+09:00,중국동방항공,청도/칭다오,,QINGDAO,TAO,Y,부산/김해,PUS,GIMHAE,202609081113,20260908235906,0000000000000012858833,MU8942,O,국제,KE2081,출발,202609081100,20260908
2026-09-10T15:43:53+09:00,제주항공,도쿄/나리타,,TOKYO/NARITA,NRT,N,부산/김해,PUS,GIMHAE,202609081102,20260908235904,0000000000000012990358,7C1153,O,국제,,출발,202609081100,20260908
2026-09-10T15:43:53+09:00,제주항공,대용/장가계,,ZHANG JIA JIE,DYG,N,부산/김해,PUS,GIMHAE,202609081118,20260908235904,0000000000000012707890,7C8253,O,국제,,출발,202609081100,20260908
2026-09-10T15:43:53+09:00,에어부산,가오슝,,KAOHSIUNG,KHH,N,부산/김해,PUS,GIMHAE,202609081143,20260908235906,0000000000000012727543,BX795,O,국제,,출발,202609081125,20260908
2026-09-10T15:43:53+09:00,아시아나항공,제주,,JEJU,CJU,Y,부산/김해,PUS,GIMHAE,202609081147,20260908235906,0000000000000012809662,OZ8183,O,국내,BX8183,출발,202609081130,20260908
2026-09-10T15:43:53+09:00,에어부산,오사카/간사이,,KANSAI,KIX,N,부산/김해,PUS,GIMHAE,202609081135,20260908235904,0000000000000013163421,BX126,O,국제,,출발,202609081130,20260908
2026-09-10T15:43:53+09:00,에어부산,제주,,JEJU,CJU,Y,부산/김해,PUS,GIMHAE,202609081147,20260908235904,0000000000000012809662,BX8183,O,국내,BX8183,출발,202609081130,20260908
2026-09-10T15:43:53+09:00,아시아나항공,제주,,JEJU,CJU,Y,부산/김해,PUS,GIMHAE,202609081150,20260908235906,0000000000000013155395,OZ8109,O,국내,BX8109,출발,202609081140,20260908
2026-09-10T15:43:53+09:00,에어부산,제주,,JEJU,CJU,Y,부산/김해,PUS,GIMHAE,202609081150,20260908235906,0000000000000013155395,BX8109,O,국내,BX8109,출발,202609081140,20260908
2026-09-10T15:43:53+09:00,스타럭스항공,타이페이/타오위안,,TAOYUAN,TPE,N,부산/김해,PUS,GIMHAE,202609081211,20260908235906,0000000000000013165565,JX1901,O,국제,,출발,202609081155,20260908
2026-09-10T15:43:53+09:00,대한항공,타이페이/타오위안,,TAOYUAN,TPE,Y,부산/김해,PUS,GIMHAE,202609081235,20260908235906,0000000000000012861397,KE5695,O,국제,CI189,출발,202609081215,20260908
2026-09-10T15:43:53+09:00,중화항공,타이페이/타오위안,,TAOYUAN,TPE,Y,부산/김해,PUS,GIMHAE,202609081235,20260908235904,0000000000000012861397,CI189,O,국제,CI189,출발,202609081215,20260908
2026-09-10T15:43:53+09:00,대한항공,서울/김포,,GIMPO,GMP,N,부산/김해,PUS,GIMHAE,202609081227,20260908235904,0000000000000012810562,KE1814,O,국내,,출발,202609081215,20260908
2026-09-10T15:43:53+09:00,제주항공,제주,,JEJU,CJU,N,부산/김해,PUS,GIMHAE,202609081247,20260908235904,0000000000000012772984,7C505,O,국내,,출발,202609081225,20260908
2026-09-10T15:43:53+09:00,스타럭스항공,타이중/칭취안강,,CINGCYUANGANG,RMQ,N,부산/김해,PUS,GIMHAE,202609081223,20260908235904,0000000000000013025978,JX311,O,국제,,출발,202609081230,20260908
2026-09-10T15:43:53+09:00,상해항공,상하이/푸동,,PUDONG,PVG,Y,부산/김해,PUS,GIMHAE,202609081241,20260908235907,0000000000000012864535,FM3086,O,국제,MU5044,출발,202609081235,20260908
2026-09-10T15:43:53+09:00,중국동방항공,상하이/푸동,,PUDONG,PVG,Y,부산/김해,PUS,GIMHAE,202609081241,20260908235903,0000000000000012864535,MU5044,O,국제,MU5044,출발,202609081235,20260908
2026-09-10T15:43:53+09:00,아시아나항공,서울/김포,,GIMPO,GMP,Y,부산/김해,PUS,GIMHAE,202609081256,20260908235907,0000000000000013121940,OZ8808,O,국내,BX8808,출발,202609081240,20260908
2026-09-10T15:43:53+09:00,에어부산,서울/김포,,GIMPO,GMP,Y,부산/김해,PUS,GIMHAE,202609081256,20260908235903,0000000000000013121940,BX8808,O,국내,BX8808,출발,202609081240,20260908
2026-09-10T15:43:53+09:00,중국국제항공,베이징(서우두)/서우두,,BEIJING CAPITAL,PEK,Y,부산/김해,PUS,GIMHAE,202609081252,20260908235905,0000000000000012743905,CA130,O,국제,CA130,출발,202609081245,20260908
2026-09-10T15:43:53+09:00,아시아나항공,베이징(서우두)/서우두,,BEIJING CAPITAL,PEK,Y,부산/김해,PUS,GIMHAE,202609081252,20260908235906,0000000000000012743905,OZ6835,O,국제,CA130,출발,202609081245,20260908
2026-09-10T15:43:53+09:00,트리니티항공,서울/김포,,GIMPO,GMP,N,부산/김해,PUS,GIMHAE,202609081300,20260908235904,0000000000000013043651,TW924,O,국내,,출발,202609081245,20260908
2026-09-10T15:43:53+09:00,트리니티항공,오사카/간사이,,KANSAI,KIX,N,부산/김해,PUS,GIMHAE,202609081302,20260908235905,0000000000000012716317,TW321,O,국제,,출발,202609081300,20260908
2026-09-10T15:43:53+09:00,제주항공,후쿠오카,,FUKUOKA,FUK,N,부산/김해,PUS,GIMHAE,202609081309,20260908235903,0000000000000013154514,7C1453,O,국제,,출발,202609081305,20260908
2026-09-10T15:43:53+09:00,에어부산,제주,,JEJU,CJU,Y,부산/김해,PUS,GIMHAE,202609081344,20260908235903,0000000000000012794540,BX8111,O,국내,BX8111,출발,202609081325,20260908
2026-09-10T15:43:53+09:00,아시아나항공,제주,,JEJU,CJU,Y,부산/김해,PUS,GIMHAE,202609081344,20260908235907,0000000000000012794540,OZ8111,O,국내,BX8111,출발,202609081325,20260908
2026-09-10T15:43:53+09:00,이스타항공,오사카/간사이,,KANSAI,KIX,N,부산/김해,PUS,GIMHAE,202609081336,20260908235903,0000000000000013175167,ZE915,O,국제,,출발,202609081330,20260908
2026-09-10T15:43:53+09:00,진에어,타이중/칭취안강,,CINGCYUANGANG,RMQ,N,부산/김해,PUS,GIMHAE,202609081342,20260908235903,0000000000000012723152,LJ741,O,국제,,출발,202609081335,20260908
2026-09-10T15:43:53+09:00,대한항공,오사카/간사이,,KANSAI,KIX,Y,부산/김해,PUS,GIMHAE,202609081344,20260908235906,0000000000000013171346,KE5085,O,국제,LJ251,출발,202609081335,20260908
2026-09-10T15:43:53+09:00,진에어,오사카/간사이,,KANSAI,KIX,Y,부산/김해,PUS,GIMHAE,202609081344,20260908235905,0000000000000013171346,LJ251,O,국제,LJ251,출발,202609081335,20260908
2026-09-10T15:43:53+09:00,진에어,제주,,JEJU,CJU,N,부산/김해,PUS,GIMHAE,202609081350,20260908235906,0000000000000012697486,LJ565,O,국내,,출발,202609081340,20260908
2026-09-10T15:43:53+09:00,진에어,도쿄/나리타,,TOKYO/NARITA,NRT,N,부산/김해,PUS,GIMHAE,202609081416,20260908235905,0000000000000013157461,LJ223,O,국제,,출발,202609081400,20260908
2026-09-10T15:43:53+09:00,에어부산,후쿠오카,,FUKUOKA,FUK,N,부산/김해,PUS,GIMHAE,202609081403,20260908235905,0000000000000013164019,BX146,O,국제,,출발,202609081400,20260908
2026-09-10T15:43:53+09:00,진에어,삿포로,,SAPPORO,CTS,Y,부산/김해,PUS,GIMHAE,202609081415,20260908235904,0000000000000013140188,LJ311,O,국제,LJ311,출발,202609081405,20260908
2026-09-10T15:43:53+09:00,대한항공,삿포로,,SAPPORO,CTS,Y,부산/김해,PUS,GIMHAE,202609081415,20260908235906,0000000000000013140188,KE5063,O,국제,LJ311,출발,202609081405,20260908
2026-09-10T15:43:53+09:00,이스타항공,삿포로,,SAPPORO,CTS,N,부산/김해,PUS,GIMHAE,202609081421,20260908235903,0000000000000013175128,ZE951,O,국제,,출발,202609081410,20260908
2026-09-10T15:43:53+09:00,에어부산,타이페이/타오위안,,TAOYUAN,TPE,N,부산/김해,PUS,GIMHAE,202609081444,20260908235903,0000000000000013163909,BX791,O,국제,,출발,202609081415,20260908
2026-09-10T15:43:53+09:00,제주항공,가오슝,,KAOHSIUNG,KHH,N,부산/김해,PUS,GIMHAE,202609081424,20260908235906,0000000000000012707527,7C6255,O,국제,,출발,202609081415,20260908
2026-09-10T15:43:53+09:00,캐세이퍼시픽항공,홍콩,,HONG KONG,HKG,Y,부산/김해,PUS,GIMHAE,202609081433,20260908235906,0000000000000013087874,CX5675,O,국제,UO675,출발,202609081420,20260908
2026-09-10T15:43:53+09:00,홍콩익스프레스,홍콩,,HONG KONG,HKG,Y,부산/김해,PUS,GIMHAE,202609081433,20260908235904,0000000000000013087874,UO675,O,국제,UO675,출발,202609081420,20260908
2026-09-10T15:43:53+09:00,에어부산,제주,,JEJU,CJU,Y,부산/김해,PUS,GIMHAE,202609081439,20260908235906,0000000000000012794960,BX8115,O,국내,BX8115,출발,202609081430,20260908
2026-09-10T15:43:53+09:00,아시아나항공,제주,,JEJU,CJU,Y,부산/김해,PUS,GIMHAE,202609081439,20260908235906,0000000000000012794960,OZ8115,O,국내,BX8115,출발,202609081430,20260908
2026-09-10T15:43:53+09:00,제주항공,제주,,JEJU,CJU,N,부산/김해,PUS,GIMHAE,202609081611,20260908235905,0000000000000012773404,7C507,O,국내,,출발,202609081440,20260908
2026-09-10T15:43:53+09:00,이스타항공,후쿠오카,,FUKUOKA,FUK,N,부산/김해,PUS,GIMHAE,202609081457,20260908235905,0000000000000012747127,ZE943,O,국제,,출발,202609081450,20260908
2026-09-10T15:43:53+09:00,에어부산,서울/김포,,GIMPO,GMP,Y,부산/김해,PUS,GIMHAE,202609081514,20260908235904,0000000000000013132221,BX8816,O,국내,BX8816,출발,202609081500,20260908
2026-09-10T15:43:53+09:00,진에어,제주,,JEJU,CJU,N,부산/김해,PUS,GIMHAE,202609081852,20260908235904,0000000000000013100317,LJ567,O,국내,,출발,202609081500,20260908
2026-09-10T15:43:53+09:00,아시아나항공,제주,,JEJU,CJU,Y,부산/김해,PUS,GIMHAE,202609081519,20260908235906,0000000000000012795380,OZ8113,O,국내,BX8113,출발,202609081500,20260908
2026-09-10T15:43:53+09:00,트리니티항공,가오슝,,KAOHSIUNG,KHH,N,부산/김해,PUS,GIMHAE,202609081507,20260908235905,0000000000000012717134,TW675,O,국제,,출발,202609081500,20260908
2026-09-10T15:43:53+09:00,아시아나항공,서울/김포,,GIMPO,GMP,Y,부산/김해,PUS,GIMHAE,202609081514,20260908235906,0000000000000013132221,OZ8816,O,국내,BX8816,출발,202609081500,20260908
2026-09-10T15:43:53+09:00,에어부산,제주,,JEJU,CJU,Y,부산/김해,PUS,GIMHAE,202609081519,20260908235906,0000000000000012795380,BX8113,O,국내,BX8113,출발,202609081500,20260908
2026-09-10T15:43:53+09:00,대한항공,오사카/간사이,,KANSAI,KIX,Y,부산/김해,PUS,GIMHAE,202609081502,20260908235907,0000000000000012720707,KE5087,O,국제,LJ253,출발,202609081505,20260908
2026-09-10T15:43:53+09:00,진에어,오사카/간사이,,KANSAI,KIX,Y,부산/김해,PUS,GIMHAE,202609081502,20260908235903,0000000000000012720707,LJ253,O,국제,LJ253,출발,202609081505,20260908
2026-09-10T15:43:53+09:00,제주항공,제주,,JEJU,CJU,N,부산/김해,PUS,GIMHAE,202609081615,20260908235904,0000000000000012773824,7C509,O,국내,,출발,202609081545,20260908
2026-09-10T15:43:53+09:00,대한항공,서울/김포,,GIMPO,GMP,N,부산/김해,PUS,GIMHAE,202609081607,20260908235906,0000000000000013090537,KE1822,O,국내,,출발,202609081550,20260908
2026-09-10T15:43:53+09:00,일본항공,도쿄/나리타,,TOKYO/NARITA,NRT,Y,부산/김해,PUS,GIMHAE,202609081618,20260908235906,0000000000000012859883,JL5160,O,국제,KE2131,출발,202609081600,20260908
2026-09-10T15:43:53+09:00,대한항공,도쿄/나리타,,TOKYO/NARITA,NRT,Y,부산/김해,PUS,GIMHAE,202609081618,20260908235906,0000000000000012859883,KE2131,O,국제,KE2131,출발,202609081600,20260908
2026-09-10T15:43:53+09:00,에어부산,서울/김포,,GIMPO,GMP,Y,부산/김해,PUS,GIMHAE,202609081630,20260908235905,0000000000000012803660,BX8818,O,국내,BX8818,출발,202609081605,20260908
2026-09-10T15:43:53+09:00,아시아나항공,서울/김포,,GIMPO,GMP,Y,부산/김해,PUS,GIMHAE,202609081630,20260908235906,0000000000000012803660,OZ8818,O,국내,BX8818,출발,202609081605,20260908
2026-09-10T15:43:53+09:00,아시아나항공,인천,,INCHEON,ICN,Y,부산/김해,PUS,GIMHAE,202609081636,20260908235906,0000000000000012816442,OZ9790,O,국제,KE1410,출발,202609081630,20260908
2026-09-10T15:43:53+09:00,대한항공,인천,,INCHEON,ICN,Y,부산/김해,PUS,GIMHAE,202609081636,20260908235904,0000000000000012816442,KE1410,O,국제,KE1410,출발,202609081630,20260908
2026-09-10T15:43:53+09:00,네덜란드항공,인천,,INCHEON,ICN,Y,부산/김해,PUS,GIMHAE,202609081636,20260908235906,0000000000000012816442,KL3397,O,국제,KE1410,출발,202609081630,20260908
2026-09-10T15:43:53+09:00,델타항공,인천,,INCHEON,ICN,Y,부산/김해,PUS,GIMHAE,202609081636,20260908235906,0000000000000012816442,DL7882,O,국제,KE1410,출발,202609081630,20260908
2026-09-10T15:43:53+09:00,에어부산,오사카/간사이,,KANSAI,KIX,N,부산/김해,PUS,GIMHAE,202609081639,20260908235906,0000000000000013163509,BX122,O,국제,,출발,202609081630,20260908
2026-09-10T15:43:53+09:00,버진아틀랜틱항공,인천,,INCHEON,ICN,Y,부산/김해,PUS,GIMHAE,202609081636,20260908235906,0000000000000012816442,VS5540,O,국제,KE1410,출발,202609081630,20260908
2026-09-10T15:43:53+09:00,에어부산,마쓰야마,,MATSUYAMA,MYJ,N,부산/김해,PUS,GIMHAE,202609081635,20260908235903,0000000000000013135478,BX134,O,국제,,출발,202609081630,20260908
2026-09-10T15:43:53+09:00,트리니티항공,서울/김포,,GIMPO,GMP,N,부산/김해,PUS,GIMHAE,202609081658,20260908235905,0000000000000013114385,TW926,O,국내,,출발,202609081645,20260908
2026-09-10T15:43:53+09:00,아시아나항공,제주,,JEJU,CJU,Y,부산/김해,PUS,GIMHAE,202609081707,20260908235906,0000000000000013155561,OZ8117,O,국내,BX8117,출발,202609081650,20260908
2026-09-10T15:43:53+09:00,에어부산,제주,,JEJU,CJU,Y,부산/김해,PUS,GIMHAE,202609081707,20260908235904,0000000000000013155561,BX8117,O,국내,BX8117,출발,202609081650,20260908
2026-09-10T15:43:53+09:00,제주항공,제주,,JEJU,CJU,N,부산/김해,PUS,GIMHAE,202609081716,20260908235904,0000000000000012774664,7C513,O,국내,,출발,202609081655,20260908
2026-09-10T15:43:53+09:00,제주항공,오사카/간사이,,KANSAI,KIX,N,부산/김해,PUS,GIMHAE,202609081652,20260908235903,0000000000000013153930,7C1353,O,국제,,출발,202609081700,20260908
2026-09-10T15:43:53+09:00,제주항공,제주,,JEJU,CJU,N,부산/김해,PUS,GIMHAE,202609081717,20260908235905,0000000000000012774010,7C511,O,국내,,출발,202609081700,20260908
2026-09-10T15:43:53+09:00,에어부산,다가마스/다카마쓰,,TAKAMATSU,TAK,N,부산/김해,PUS,GIMHAE,202609081729,20260908235904,0000000000000012972333,BX1325,O,국제,,출발,202609081720,20260908
2026-09-10T15:43:53+09:00,대한항공,나고야/주부,,CHUBU CENTRAIR,NGO,Y,부산/김해,PUS,GIMHAE,202609081735,20260908235905,0000000000000012860303,KE2133,O,국제,KE2133,출발,202609081730,20260908
2026-09-10T15:43:53+09:00,일본항공,나고야/주부,,CHUBU CENTRAIR,NGO,Y,부산/김해,PUS,GIMHAE,202609081735,20260908235906,0000000000000012860303,JL5238,O,국제,KE2133,출발,202609081730,20260908
2026-09-10T15:43:53+09:00,제주항공,싱가폴/싱가포르,,SINGAPORE,SIN,N,부산/김해,PUS,GIMHAE,202609081804,20260908235904,0000000000000013074905,7C2661,O,국제,,출발,202609081740,20260908
2026-09-10T15:43:53+09:00,에어부산,제주,,JEJU,CJU,Y,부산/김해,PUS,GIMHAE,202609081802,20260908235904,0000000000000012796154,BX8135,O,국내,BX8135,출발,202609081750,20260908
2026-09-10T15:43:53+09:00,아시아나항공,제주,,JEJU,CJU,Y,부산/김해,PUS,GIMHAE,202609081802,20260908235906,0000000000000012796154,OZ8135,O,국내,BX8135,출발,202609081750,20260908
2026-09-10T15:43:53+09:00,상해항공,상하이/푸동,,PUDONG,PVG,Y,부산/김해,PUS,GIMHAE,202609081738,20260908235905,0000000000000012742979,FM830,O,국제,FM830,출발,202609081750,20260908
2026-09-10T15:43:53+09:00,중국동방항공,상하이/푸동,,PUDONG,PVG,Y,부산/김해,PUS,GIMHAE,202609081738,20260908235906,0000000000000012742979,MU8606,O,국제,FM830,출발,202609081750,20260908
2026-09-10T15:43:53+09:00,에어부산,후쿠오카,,FUKUOKA,FUK,N,부산/김해,PUS,GIMHAE,202609081757,20260908235904,0000000000000013164016,BX144,O,국제,,출발,202609081755,20260908
2026-09-10T15:43:53+09:00,에어부산,방콕/수완나품,,BANGKOK,BKK,N,부산/김해,PUS,GIMHAE,202609081814,20260908235906,0000000000000013165200,BX725,O,국제,,출발,202609081800,20260908
2026-09-10T15:43:53+09:00,트리니티항공,후쿠오카,,FUKUOKA,FUK,N,부산/김해,PUS,GIMHAE,202609081808,20260908235904,0000000000000012718639,TW235,O,국제,,출발,202609081800,20260908
2026-09-10T15:43:53+09:00,아시아나항공,제주,,JEJU,CJU,Y,부산/김해,PUS,GIMHAE,202609081831,20260908235907,0000000000000013062650,OZ8139,O,국내,BX8139,출발,202609081815,20260908
2026-09-10T15:43:53+09:00,에어부산,제주,,JEJU,CJU,Y,부산/김해,PUS,GIMHAE,202609081831,20260908235904,0000000000000013062650,BX8139,O,국내,BX8139,출발,202609081815,20260908
2026-09-10T15:43:53+09:00,아시아나항공,서울/김포,,GIMPO,GMP,Y,부산/김해,PUS,GIMHAE,202609081844,20260908235907,0000000000000013132453,OZ8822,O,국내,BX8822,출발,202609081820,20260908
2026-09-10T15:43:53+09:00,에어부산,서울/김포,,GIMPO,GMP,Y,부산/김해,PUS,GIMHAE,202609081844,20260908235904,0000000000000013132453,BX8822,O,국내,BX8822,출발,202609081820,20260908
2026-09-10T15:43:53+09:00,스타럭스항공,타이페이/타오위안,,TAOYUAN,TPE,N,부산/김해,PUS,GIMHAE,202609081902,20260908235905,0000000000000013026318,JX903,O,국제,,출발,202609081855,20260908
2026-09-10T15:43:53+09:00,중국동방항공,난징(남경)/난징,,NANJING,NKG,N,부산/김해,PUS,GIMHAE,202609081855,20260908235903,0000000000000013145089,MU2792,O,국제,,사전결항,202609081855,20260908
2026-09-10T15:43:53+09:00,진에어,제주,,JEJU,CJU,N,부산/김해,PUS,GIMHAE,202609081947,20260908235905,0000000000000012699120,LJ569,O,국내,,출발,202609081900,20260908
2026-09-10T15:43:53+09:00,에어뉴질랜드,타이페이/타오위안,,TAOYUAN,TPE,Y,부산/김해,PUS,GIMHAE,202609081912,20260908235906,0000000000000012748801,NZ4939,O,국제,BR163,출발,202609081910,20260908
2026-09-10T15:43:53+09:00,에바항공,타이페이/타오위안,,TAOYUAN,TPE,Y,부산/김해,PUS,GIMHAE,202609081912,20260908235905,0000000000000012748801,BR163,O,국제,BR163,출발,202609081910,20260908
2026-09-10T15:43:53+09:00,대한항공,제주,,JEJU,CJU,N,부산/김해,PUS,GIMHAE,202609081927,20260908235903,0000000000000013050604,KE1549,O,국내,,출발,202609081920,20260908
2026-09-10T15:43:53+09:00,에어부산,나트랑,,NHA TRANG,CXR,N,부산/김해,PUS,GIMHAE,202609081954,20260908235905,0000000000000013126311,BX781,O,국제,,출발,202609081920,20260908
2026-09-10T15:43:53+09:00,대한항공,서울/김포,,GIMPO,GMP,N,부산/김해,PUS,GIMHAE,202609081941,20260908235904,0000000000000013090981,KE1830,O,국내,,출발,202609081920,20260908
2026-09-10T15:43:53+09:00,에어부산,세부,,CEBU,CEB,N,부산/김해,PUS,GIMHAE,202609081958,20260908235904,0000000000000013055061,BX711,O,국제,,출발,202609081950,20260908
2026-09-10T15:43:53+09:00,중화항공,타이페이/타오위안,,TAOYUAN,TPE,N,부산/김해,PUS,GIMHAE,202609082032,20260908235903,0000000000000012861817,CI187,O,국제,,출발,202609082000,20260908
2026-09-10T15:43:53+09:00,대한항공,서울/김포,,GIMPO,GMP,N,부산/김해,PUS,GIMHAE,202609082009,20260908235906,0000000000000012822894,KE1832,O,국내,,출발,202609082000,20260908
2026-09-10T15:43:53+09:00,아시아나항공,서울/김포,,GIMPO,GMP,Y,부산/김해,PUS,GIMHAE,202609082027,20260908235906,0000000000000012787692,OZ8826,O,국내,BX8826,출발,202609082020,20260908
2026-09-10T15:43:53+09:00,에어부산,서울/김포,,GIMPO,GMP,Y,부산/김해,PUS,GIMHAE,202609082027,20260908235905,0000000000000012787692,BX8826,O,국내,BX8826,출발,202609082020,20260908
2026-09-10T15:43:53+09:00,에어부산,다낭,,DANANG,DAD,N,부산/김해,PUS,GIMHAE,202609082115,20260908235904,0000000000000013164021,BX773,O,국제,,출발,202609082050,20260908
2026-09-10T15:43:53+09:00,필리핀항공,마닐라,,MANILA,MNL,N,부산/김해,PUS,GIMHAE,202609082048,20260908235903,0000000000000013172705,PR463,O,국제,,출발,202609082100,20260908
2026-09-10T15:43:53+09:00,타이거에어 타이완,타이페이/타오위안,,TAOYUAN,TPE,N,부산/김해,PUS,GIMHAE,202609082128,20260908235904,0000000000000012862430,IT607,O,국제,,출발,202609082105,20260908
2026-09-10T15:43:53+09:00,진에어,다낭,,DANANG,DAD,Y,부산/김해,PUS,GIMHAE,202609082140,20260908235904,0000000000000013134926,LJ111,O,국제,LJ111,출발,202609082115,20260908
2026-09-10T15:43:53+09:00,대한항공,제주,,JEJU,CJU,N,부산/김해,PUS,GIMHAE,202609082123,20260908235905,0000000000000013147971,KE1561,O,국내,,출발,202609082115,20260908
2026-09-10T15:43:53+09:00,대한항공,다낭,,DANANG,DAD,Y,부산/김해,PUS,GIMHAE,202609082140,20260908235906,0000000000000013134926,KE5771,O,국제,LJ111,출발,202609082115,20260908
2026-09-10T15:43:53+09:00,트리니티항공,홍콩,,HONG KONG,HKG,N,부산/김해,PUS,GIMHAE,202609082150,20260908235905,0000000000000013115643,TW639,O,국제,,출발,202609082150,20260908
2026-09-10T15:43:53+09:00,에어부산,마카오,,MACAU,MFM,N,부산/김해,PUS,GIMHAE,202609082200,20260908235904,0000000000000013164020,BX381,O,국제,,출발,202609082155,20260908
2026-09-10T15:43:53+09:00,진에어,타이페이/타오위안,,TAOYUAN,TPE,N,부산/김해,PUS,GIMHAE,202609082220,20260908235904,0000000000000012722447,LJ751,O,국제,,출발,202609082200,20260908
2026-09-10T15:43:53+09:00,에어부산,울란바토르/칭기스칸,,ULAANBAATAR,UBN,N,부산/김해,PUS,GIMHAE,202609082157,20260908235906,0000000000000013163877,BX411,O,국제,,출발,202609082200,20260908
2026-09-10T15:43:53+09:00,제주항공,타이페이/타오위안,,TAOYUAN,TPE,N,부산/김해,PUS,GIMHAE,202609082210,20260908235906,0000000000000012710111,7C6153,O,국제,,출발,202609082200,20260908
2026-09-10T15:43:53+09:00,대한항공,세부,,CEBU,CEB,Y,부산/김해,PUS,GIMHAE,202609082205,20260908235907,0000000000000012724493,KE5773,O,국제,LJ061,출발,202609082200,20260908
2026-09-10T15:43:53+09:00,진에어,세부,,CEBU,CEB,Y,부산/김해,PUS,GIMHAE,202609082205,20260908235903,0000000000000012724493,LJ061,O,국제,LJ061,출발,202609082200,20260908
2026-09-10T15:43:53+09:00,대한항공,베이징(서우두)/서우두,,BEIJING CAPITAL,PEK,N,부산/김해,PUS,GIMHAE,202609082222,20260908235904,0000000000000012857879,KE2061,O,국제,,출발,202609082220,20260908
2026-09-10T15:43:53+09:00,이스타항공,타이페이/타오위안,,TAOYUAN,TPE,N,부산/김해,PUS,GIMHAE,202609082229,20260908235905,0000000000000013175332,ZE983,O,국제,,출발,202609082220,20260908
2026-09-10T15:43:53+09:00,이스타항공,타이페이/타오위안,,TAOYUAN,TPE,N,부산/김해,PUS,GIMHAE,202609082240,20260908235904,0000000000000013143983,ZE987,O,국제,,출발,202609082225,20260908
2026-09-10T15:43:53+09:00,춘추항공,상하이/푸동,,PUDONG,PVG,N,부산/김해,PUS,GIMHAE,202609082214,20260908235904,0000000000000012976769,9C6900,O,국제,,출발,202609082230,20260908
